ts,o,h,l,c,v
1782165600,4209.8,4212.8,4209.4,4210.6,698.0
1782166200,4210.6,4211.4,4208.8,4210.4,434.0
1782166800,4210.5,4211.4,4209.5,4210.9,268.0
1782167400,4210.9,4213.2,4207.8,4209.8,1044.0
1782168000,4209.6,4209.6,4206.2,4206.4,729.0
1782168600,4206.8,4208.7,4206.3,4207.9,416.0
1782169200,4208.0,4210.8,4207.5,4209.7,808.0
1782169800,4209.9,4210.2,4208.2,4209.5,311.0
1782170400,4209.5,4210.0,4208.1,4209.0,373.0
1782171000,4208.7,4214.5,4208.7,4213.2,1172.0
1782171600,4213.2,4214.0,4207.2,4208.5,967.0
1782172200,4208.7,4208.7,4204.5,4205.4,1380.0
1782172800,4205.0,4210.0,4200.4,4201.9,2317.0
1782173400,4202.0,4202.0,4195.6,4199.7,2457.0
1782174000,4199.6,4203.6,4195.9,4201.5,1690.0
1782174600,4201.6,4204.0,4199.5,4203.8,1323.0
1782175200,4203.6,4212.4,4201.5,4208.6,2420.0
1782175800,4208.2,4211.8,4207.0,4210.6,1365.0
1782176400,4210.5,4216.2,4202.2,4206.0,5004.0
1782177000,4205.9,4206.8,4189.4,4190.7,3646.0
1782177600,4190.6,4198.4,4187.9,4195.7,2969.0
1782178200,4195.2,4196.1,4178.1,4179.3,4779.0
1782178800,4179.3,4183.0,4167.1,4168.0,5207.0
1782179400,4168.0,4180.9,4167.4,4179.1,3804.0
1782180000,4179.4,4181.3,4168.6,4169.5,3633.0
1782180600,4169.6,4178.3,4166.6,4176.3,2980.0
1782181200,4176.2,4181.5,4175.4,4180.0,1766.0
1782181800,4179.9,4180.5,4173.9,4175.9,1707.0
1782182400,4176.1,4176.5,4169.8,4171.9,1737.0
1782183000,4172.1,4173.7,4164.4,4164.6,1683.0
1782183600,4165.0,4167.7,4157.1,4158.7,3561.0
1782184200,4158.5,4162.2,4149.1,4151.1,3417.0
1782184800,4151.1,4158.8,4148.4,4158.5,2860.0
1782185400,4158.5,4159.0,4151.1,4154.2,2095.0
1782186000,4154.1,4158.0,4152.6,4156.7,1056.0
1782186600,4156.7,4163.0,4156.5,4161.7,1971.0
1782187200,4162.1,4164.6,4160.3,4161.4,1570.0
1782187800,4161.8,4161.9,4156.4,4157.4,1095.0
1782188400,4157.1,4158.1,4154.5,4157.3,1141.0
1782189000,4157.2,4157.2,4152.5,4156.4,1560.0
1782189600,4155.9,4158.1,4154.1,4156.1,628.0
1782190200,4156.0,4156.8,4132.0,4135.7,4610.0
1782190800,4135.9,4155.4,4132.8,4145.5,4279.0
1782191400,4145.8,4148.7,4143.8,4145.7,1686.0
1782192000,4145.5,4148.7,4141.1,4143.1,1435.0
1782192600,4143.1,4151.3,4134.9,4143.3,4932.0
1782193200,4143.2,4146.9,4135.1,4136.8,2272.0
1782193800,4137.0,4140.4,4134.6,4139.2,2460.0
1782194400,4139.3,4144.8,4130.6,4131.4,3459.0
1782195000,4131.4,4145.0,4129.0,4140.5,3248.0
1782195600,4140.8,4143.6,4132.4,4134.5,2211.0
1782196200,4134.3,4139.2,4131.6,4134.1,2013.0
1782196800,4134.2,4136.1,4128.1,4133.4,2495.0
1782197400,4133.6,4138.4,4131.7,4132.2,1582.0
1782198000,4132.2,4143.0,4127.5,4139.4,2867.0
1782198600,4139.3,4139.5,4130.0,4135.5,2424.0
1782199200,4135.3,4140.7,4135.1,4136.2,1500.0
1782199800,4136.0,4137.4,4128.3,4129.2,1877.0
1782200400,4129.1,4131.1,4121.0,4124.1,2823.0
1782201000,4123.9,4123.9,4114.0,4116.2,3207.0
1782201600,4116.2,4117.6,4108.2,4111.6,4119.0
1782202200,4112.0,4117.6,4109.4,4115.6,2119.0
1782202800,4115.9,4117.5,4112.0,4115.8,1378.0
1782203400,4115.7,4122.8,4114.0,4119.7,1889.0
1782204000,4120.0,4128.7,4119.4,4121.8,2694.0
1782204600,4121.2,4126.3,4119.9,4122.9,1186.0
1782205200,4122.8,4130.8,4122.0,4127.4,1935.0
1782205800,4127.3,4131.5,4126.6,4129.1,1392.0
1782206400,4129.2,4135.4,4129.2,4130.4,1802.0
1782207000,4130.5,4138.4,4130.1,4136.2,1720.0
1782207600,4136.0,4137.8,4134.0,4135.3,925.0
1782208200,4135.3,4140.4,4132.9,4140.1,1072.0
1782208800,4140.0,4150.9,4139.9,4144.6,3346.0
1782209400,4144.6,4151.0,4144.4,4150.0,1337.0
1782210000,4150.0,4150.0,4144.3,4148.1,1073.0
1782210600,4148.1,4149.9,4144.4,4146.4,1099.0
1782211200,4146.5,4147.9,4141.3,4142.4,1513.0
1782211800,4142.1,4143.7,4137.3,4137.8,1649.0
1782212400,4137.8,4144.5,4135.3,4143.4,2122.0
1782213000,4143.4,4147.6,4142.7,4146.4,1189.0
1782213600,4146.1,4149.9,4142.1,4144.9,2381.0
1782214200,4144.6,4146.6,4137.7,4143.4,1876.0
1782214800,4143.3,4143.8,4135.8,4139.3,1859.0
1782215400,4139.3,4144.2,4136.6,4141.1,2041.0
1782216000,4141.3,4145.5,4137.2,4137.5,2396.0
1782216600,4137.5,4140.2,4128.9,4135.1,3287.0
1782217200,4135.2,4137.5,4129.7,4132.4,3152.0
1782217800,4132.5,4140.4,4131.7,4139.7,2211.0
1782218400,4139.5,4139.7,4130.6,4135.6,2354.0
1782219000,4135.8,4139.4,4130.0,4130.8,2382.0
1782219600,4131.0,4137.3,4125.4,4134.2,4781.0
1782220200,4134.1,4134.7,4124.1,4124.9,2922.0
1782220800,4124.8,4137.1,4122.9,4133.5,4152.0
1782221400,4133.7,4142.7,4127.1,4136.7,6803.0
1782222000,4136.6,4153.3,4135.8,4149.1,6504.0
1782222600,4149.2,4158.4,4148.6,4154.2,5555.0
1782223200,4153.3,4162.3,4151.3,4160.0,5820.0
1782223800,4159.9,4163.6,4150.6,4159.6,5280.0
1782224400,4159.5,4161.0,4146.3,4150.1,5421.0
1782225000,4150.1,4150.9,4140.4,4141.9,4253.0
1782225600,4142.0,4146.6,4140.4,4144.3,3216.0
1782226200,4144.4,4148.2,4141.2,4147.7,2632.0
1782226800,4148.0,4153.1,4140.8,4140.9,4155.0
1782227400,4141.2,4148.2,4140.8,4145.2,2222.0
1782228000,4144.6,4147.2,4141.2,4144.6,1654.0
1782228600,4144.7,4155.6,4144.1,4155.1,3394.0
1782229200,4155.3,4159.5,4151.8,4152.9,2832.0
1782229800,4153.1,4157.4,4152.1,4156.6,1514.0
1782230400,4156.8,4158.1,4151.4,4152.8,1405.0
1782231000,4152.9,4156.2,4150.8,4155.3,1196.0
1782231600,4155.2,4155.9,4153.2,4154.5,949.0
1782232200,4154.3,4161.0,4153.2,4159.8,1617.0
1782232800,4159.7,4161.8,4157.1,4158.0,1093.0
1782233400,4158.0,4158.6,4149.2,4151.8,2153.0
1782234000,4151.6,4152.2,4147.6,4150.1,1671.0
1782234600,4150.2,4157.5,4150.1,4154.2,1804.0
1782235200,4154.1,4155.6,4147.8,4149.0,2037.0
1782235800,4149.1,4149.7,4145.5,4147.5,1281.0
1782236400,4147.6,4150.9,4146.8,4149.6,978.0
1782237000,4149.7,4150.1,4145.3,4145.8,855.0
1782237600,4145.9,4149.0,4141.8,4142.9,1361.0
1782238200,4143.1,4144.0,4141.6,4142.6,737.0
1782238800,4142.5,4143.4,4138.4,4138.8,1315.0
1782239400,4138.8,4140.8,4137.5,4137.8,1064.0
1782240000,4137.8,4138.2,4130.6,4132.8,1724.0
1782240600,4133.0,4136.3,4132.0,4135.8,1035.0
1782241200,4135.8,4144.5,4134.7,4140.3,1867.0
1782241800,4140.2,4141.5,4135.1,4135.5,1086.0
1782242400,4135.6,4141.0,4135.6,4140.0,934.0
1782243000,4139.9,4142.4,4138.7,4140.5,735.0
1782243600,4140.5,4140.5,4135.5,4137.8,878.0
1782244200,4138.3,4138.9,4129.2,4129.7,2041.0
1782244800,4129.7,4131.1,4126.6,4130.2,1411.0
1782245400,4130.1,4130.8,4125.5,4127.4,812.0
1782246000,4127.6,4129.4,4125.1,4128.6,639.0
1782246600,4128.4,4129.0,4126.8,4128.3,322.0
1782247200,4128.6,4129.5,4126.6,4127.9,649.0
1782247800,4127.5,4129.0,4126.5,4129.0,547.0
1782252000,4129.0,4131.9,4127.5,4129.8,867.0
1782252600,4129.5,4132.8,4128.5,4128.6,938.0
1782253200,4129.0,4129.4,4121.4,4123.1,2741.0
1782253800,4123.0,4125.4,4113.9,4118.0,2389.0
1782254400,4118.0,4124.9,4116.4,4122.8,1697.0
1782255000,4122.9,4126.1,4120.4,4121.4,1583.0
1782255600,4121.5,4121.5,4111.8,4113.5,1994.0
1782256200,4113.3,4119.0,4113.1,4117.4,1461.0
1782256800,4117.2,4117.2,4113.9,4114.6,579.0
1782257400,4114.8,4115.5,4098.0,4101.2,3686.0
1782258000,4101.6,4115.8,4098.0,4113.1,4389.0
1782258600,4113.3,4118.4,4111.8,4116.6,2074.0
1782259200,4116.8,4129.8,4112.1,4127.7,4675.0
1782259800,4128.1,4129.1,4120.7,4121.4,3075.0
1782260400,4121.3,4122.1,4110.7,4117.2,3336.0
1782261000,4117.1,4118.2,4111.7,4114.7,1962.0
1782261600,4114.3,4117.5,4111.1,4115.9,1514.0
1782262200,4115.7,4117.4,4111.3,4114.6,1642.0
1782262800,4115.1,4115.5,4085.7,4094.9,10834.0
1782263400,4095.1,4109.5,4094.5,4105.8,4493.0
1782264000,4106.1,4118.6,4100.9,4115.6,4127.0
1782264600,4115.4,4120.1,4110.3,4112.1,3029.0
1782265200,4112.6,4116.0,4103.2,4103.3,3021.0
1782265800,4103.1,4107.5,4099.4,4106.2,2545.0
1782266400,4106.2,4113.0,4096.9,4098.3,3430.0
1782267000,4098.2,4101.7,4090.0,4091.4,3013.0
1782267600,4091.5,4093.6,4088.1,4090.3,3138.0
1782268200,4090.4,4094.0,4076.3,4078.0,5350.0
1782268800,4077.7,4079.1,4068.9,4075.4,4296.0
1782269400,4075.9,4086.6,4073.3,4077.8,3349.0
1782270000,4078.2,4082.4,4069.3,4075.4,2872.0
1782270600,4075.4,4077.5,4067.0,4069.9,2586.0
1782271200,4069.8,4073.9,4068.3,4073.5,2431.0
1782271800,4073.5,4079.9,4072.5,4079.4,2532.0
1782272400,4079.3,4088.1,4078.6,4084.0,2849.0
1782273000,4083.9,4085.3,4079.1,4080.2,1334.0
1782273600,4080.2,4081.2,4072.9,4075.2,2296.0
1782274200,4075.2,4077.1,4071.5,4072.0,1807.0
1782274800,4072.1,4084.0,4071.8,4080.0,2040.0
1782275400,4080.0,4083.1,4079.2,4081.5,1038.0
1782276000,4081.8,4083.6,4079.3,4080.4,740.0
1782276600,4080.5,4083.7,4078.3,4081.1,986.0
1782277200,4081.5,4086.8,4077.1,4085.8,1370.0
1782277800,4085.8,4086.4,4082.3,4082.4,1813.0
1782278400,4082.6,4091.3,4082.6,4090.1,2115.0
1782279000,4090.2,4103.3,4089.0,4094.5,4354.0
1782279600,4094.2,4097.2,4089.3,4091.8,1763.0
1782280200,4091.8,4094.1,4088.3,4093.1,1713.0
1782280800,4093.1,4109.1,4093.0,4107.9,3444.0
1782281400,4107.6,4114.8,4102.3,4104.3,3960.0
1782282000,4104.4,4108.0,4100.5,4104.9,2198.0
1782282600,4104.4,4109.2,4101.6,4106.3,1458.0
1782283200,4106.4,4111.9,4106.3,4106.5,1876.0
1782283800,4106.2,4109.1,4101.6,4104.5,1523.0
1782284400,4104.1,4107.9,4102.4,4105.7,1185.0
1782285000,4105.7,4106.3,4101.2,4103.0,987.0
1782285600,4103.2,4104.0,4100.0,4101.4,925.0
1782286200,4101.3,4102.3,4093.1,4096.1,1952.0
1782286800,4096.2,4103.2,4093.9,4101.6,1740.0
1782287400,4101.6,4102.7,4090.5,4091.7,1696.0
1782288000,4091.9,4095.4,4090.8,4092.7,1208.0
1782288600,4092.9,4094.1,4089.4,4090.6,1166.0
1782289200,4090.8,4097.8,4090.6,4097.6,1986.0
1782289800,4097.2,4104.7,4096.2,4099.3,1958.0
1782290400,4099.1,4102.1,4094.2,4095.8,1037.0
1782291000,4096.1,4097.5,4092.4,4093.3,731.0
1782291600,4093.3,4095.2,4086.8,4087.0,1363.0
1782292200,4087.1,4096.1,4086.9,4095.2,1433.0
1782292800,4095.1,4095.5,4085.2,4086.4,1543.0
1782293400,4086.2,4089.8,4084.3,4085.4,1612.0
1782294000,4085.4,4087.8,4082.7,4086.6,1347.0
1782294600,4086.3,4088.3,4081.4,4082.0,1051.0
1782295200,4082.1,4083.6,4076.6,4077.1,1782.0
1782295800,4076.9,4080.1,4072.1,4075.9,1788.0
1782296400,4076.1,4077.9,4073.0,4077.5,1098.0
1782297000,4077.5,4080.3,4073.6,4075.2,1608.0
1782297600,4075.1,4084.0,4074.6,4080.4,1551.0
1782298200,4079.8,4080.3,4071.1,4072.4,1529.0
1782298800,4072.6,4075.4,4064.3,4065.7,3156.0
1782299400,4066.0,4070.5,4053.9,4058.4,4161.0
1782300000,4058.4,4063.5,4055.1,4060.5,2606.0
1782300600,4060.3,4067.8,4059.8,4066.6,2652.0
1782301200,4066.5,4068.1,4055.5,4061.4,2694.0
1782301800,4061.2,4072.7,4060.8,4063.0,4492.0
1782302400,4062.9,4065.0,4051.3,4057.0,4504.0
1782303000,4056.7,4060.8,4051.2,4057.4,4020.0
1782303600,4057.2,4057.5,4022.9,4031.8,11723.0
1782304200,4032.0,4037.2,4022.9,4028.1,7333.0
1782304800,4027.9,4034.0,4018.8,4019.8,6297.0
1782305400,4020.1,4024.4,4003.2,4003.8,9310.0
1782306000,4003.8,4011.3,3987.4,3992.9,20868.0
1782306600,3992.9,3994.8,3980.7,3992.6,10034.0
1782307200,3992.3,3992.5,3980.3,3991.3,7048.0
1782307800,3991.3,4024.0,3990.0,4021.8,13696.0
1782308400,4022.1,4037.8,4017.3,4036.6,10524.0
1782309000,4036.3,4060.0,4035.2,4054.8,12278.0
1782309600,4054.7,4057.9,4038.6,4045.0,9640.0
1782310200,4045.0,4049.1,4032.1,4035.4,6906.0
1782310800,4035.3,4045.6,4031.4,4041.2,5606.0
1782311400,4041.2,4052.1,4035.5,4036.9,5469.0
1782312000,4037.1,4039.1,4026.7,4028.3,5242.0
1782312600,4028.5,4030.2,4020.0,4025.4,4405.0
1782313200,4025.6,4027.4,4014.0,4016.9,4635.0
1782313800,4017.1,4028.7,4015.0,4028.0,4369.0
1782314400,4028.2,4032.3,4020.7,4032.0,4321.0
1782315000,4032.0,4032.6,4023.1,4023.8,2103.0
1782315600,4023.7,4032.1,4018.2,4030.3,3660.0
1782316200,4030.0,4034.2,4017.0,4019.5,3458.0
1782316800,4019.5,4024.0,4012.5,4017.6,3843.0
1782317400,4017.5,4023.2,4016.5,4019.5,2241.0
1782318000,4019.7,4034.3,4019.5,4033.1,3256.0
1782318600,4033.1,4039.8,4030.1,4035.1,4562.0
1782319200,4035.3,4037.1,4024.5,4024.6,2772.0
1782319800,4024.7,4028.4,4023.3,4023.7,1361.0
1782320400,4023.9,4028.5,4021.3,4024.1,2190.0
1782321000,4024.3,4026.7,4016.8,4017.4,2319.0
1782321600,4017.0,4018.4,4007.0,4007.4,5558.0
1782322200,4007.6,4008.2,3999.6,4003.0,4846.0
1782322800,4002.9,4004.3,3996.9,3997.2,2884.0
1782323400,3997.1,3999.6,3989.5,3989.7,3392.0
1782324000,3989.9,4001.0,3975.8,4000.8,8133.0
1782324600,4000.6,4009.5,3997.6,4004.3,5020.0
1782325200,4004.4,4009.5,3996.6,4007.2,3660.0
1782325800,4007.8,4011.9,4000.5,4001.8,2737.0
1782326400,4002.0,4003.0,3994.2,3996.4,1904.0
1782327000,3996.5,4001.6,3993.9,3998.3,2126.0
1782327600,3998.6,4002.2,3993.3,3993.7,2313.0
1782328200,3993.8,3994.5,3990.1,3994.3,2075.0
1782328800,3994.3,4001.3,3993.3,4000.8,1742.0
1782329400,4000.9,4005.5,3997.7,3999.2,1549.0
1782330000,3999.4,4001.7,3996.5,3999.2,1015.0
1782330600,3998.8,4008.4,3997.4,4004.9,3198.0
1782331200,4005.3,4020.0,4001.6,4016.4,2832.0
1782331800,4015.7,4018.1,4009.4,4010.1,1303.0
1782332400,4009.7,4018.2,4009.7,4017.5,1454.0
1782333000,4017.4,4018.4,4013.0,4013.3,943.0
1782333600,4013.5,4017.6,4013.5,4014.3,566.0
1782334200,4014.5,4018.4,4013.7,4016.4,699.0
1782338400,4018.1,4024.9,4016.3,4019.4,1566.0
1782339000,4019.5,4021.2,4016.2,4016.7,743.0
1782339600,4016.7,4018.9,4016.0,4018.1,589.0
1782340200,4018.1,4022.9,4015.1,4018.5,1361.0
1782340800,4018.7,4020.2,4013.4,4013.6,1213.0
1782341400,4013.7,4015.0,4008.7,4012.2,1392.0
1782342000,4012.3,4014.8,4006.3,4009.7,2243.0
1782342600,4009.7,4014.8,4007.9,4013.6,1443.0
1782343200,4013.6,4016.7,4012.7,4014.0,944.0
1782343800,4014.2,4034.3,4013.9,4031.3,3258.0
1782344400,4031.1,4033.1,4025.2,4026.4,2295.0
1782345000,4026.4,4028.8,4024.7,4028.0,1502.0
1782345600,4027.8,4031.3,4024.1,4030.3,2331.0
1782346200,4030.3,4031.8,4015.6,4017.7,3933.0
1782346800,4017.6,4020.8,4010.7,4012.1,2708.0
1782347400,4011.7,4012.1,3996.8,3997.9,4457.0
1782348000,3997.9,4003.5,3994.0,3999.4,3265.0
1782348600,3999.4,4016.8,3998.2,4006.6,4978.0
1782349200,4006.7,4021.7,4002.7,4006.3,6358.0
1782349800,4006.9,4010.4,3997.4,4009.7,4046.0
1782350400,4009.7,4015.5,4005.4,4005.9,3174.0
1782351000,4005.7,4011.3,3992.3,4002.7,4921.0
1782351600,4002.5,4003.1,3993.7,4000.9,3249.0
1782352200,4000.9,4004.3,3987.6,3992.1,3761.0
1782352800,3992.4,3997.5,3979.1,3981.3,4403.0
1782353400,3981.5,3998.2,3976.5,3996.6,4973.0
1782354000,3996.7,4006.7,3996.5,4002.3,3775.0
1782354600,4002.2,4003.8,3993.6,4000.1,3196.0
1782355200,4000.3,4000.8,3990.0,3998.6,3041.0
1782355800,3998.8,4000.6,3991.2,3998.7,2241.0
1782356400,3998.6,4005.6,3988.8,3988.8,3103.0
1782357000,3989.2,3998.2,3981.5,3997.5,3561.0
1782357600,3997.3,3998.7,3987.9,3991.8,2241.0
1782358200,3991.5,3993.1,3984.3,3986.6,1927.0
1782358800,3986.6,4003.0,3985.7,4001.9,2484.0
1782359400,4001.9,4016.7,4001.6,4011.3,4220.0
1782360000,4011.1,4013.4,4007.9,4011.3,1647.0
1782360600,4011.0,4011.0,4002.7,4007.1,1995.0
1782361200,4007.1,4013.8,4006.0,4010.3,1333.0
1782361800,4010.2,4012.0,4003.2,4003.3,1668.0
1782362400,4003.6,4011.5,3999.4,4008.0,2319.0
1782363000,4008.1,4012.8,4008.1,4011.5,1008.0
1782363600,4011.8,4015.1,4007.7,4015.0,1927.0
1782364200,4014.9,4016.2,4004.3,4008.0,2170.0
1782364800,4008.0,4014.6,4006.3,4010.1,2431.0
1782365400,4009.6,4013.1,4000.2,4000.8,3719.0
1782366000,4000.5,4002.3,3995.7,3998.5,2321.0
1782366600,3999.1,4007.2,3998.3,4001.7,2320.0
1782367200,4001.4,4004.7,3997.2,4001.4,1689.0
1782367800,4001.1,4001.9,3989.8,3989.8,2320.0
1782368400,3990.0,4002.3,3989.1,3999.5,2571.0
1782369000,3999.5,4000.5,3991.6,3995.8,2011.0
1782369600,3995.7,3999.6,3992.4,3998.1,1391.0
1782370200,3998.0,3999.9,3991.1,3992.6,1635.0
1782370800,3992.6,4000.7,3988.4,4000.2,2472.0
1782371400,4000.1,4001.5,3992.9,4000.2,1767.0
1782372000,4000.0,4005.5,3995.2,4000.7,1975.0
1782372600,4001.0,4005.0,3993.5,3993.5,1959.0
1782373200,3993.3,3996.8,3986.6,3992.5,2484.0
1782373800,3992.7,4004.7,3990.2,4003.5,2075.0
1782374400,4003.8,4011.2,4003.0,4004.3,2886.0
1782375000,4004.0,4010.9,4000.0,4010.7,2141.0
1782375600,4010.6,4017.2,4007.9,4009.6,2413.0
1782376200,4009.7,4017.9,4009.6,4017.2,2166.0
1782376800,4017.3,4017.9,4007.1,4008.2,1900.0
1782377400,4008.4,4009.6,4003.9,4004.5,1527.0
1782378000,4004.8,4012.2,4004.5,4007.0,1524.0
1782378600,4007.2,4009.6,4004.8,4006.4,867.0
1782379200,4006.4,4011.1,4006.4,4009.9,855.0
1782379800,4009.5,4013.3,4001.7,4007.3,2427.0
1782380400,4007.3,4007.4,4002.7,4004.5,1065.0
1782381000,4004.2,4008.8,4002.8,4003.5,897.0
1782381600,4003.2,4004.5,4000.4,4001.8,880.0
1782382200,4002.0,4003.5,3998.4,3999.8,1266.0
1782382800,3999.7,4004.5,3998.8,4004.5,832.0
1782383400,4004.6,4004.6,3999.9,4002.7,1171.0
1782384000,4003.0,4003.1,3997.3,3999.8,950.0
1782384600,3999.2,4000.9,3996.1,3999.6,813.0
1782385200,3999.8,4001.5,3997.0,3999.5,1171.0
1782385800,3999.2,4000.9,3991.0,3996.4,1605.0
1782386400,3996.5,3997.8,3991.9,3992.0,1146.0
1782387000,3992.3,3997.7,3988.6,3997.6,1957.0
1782387600,3997.5,4003.1,3997.2,4001.0,1721.0
1782388200,4001.1,4001.7,3994.4,3995.0,1406.0
1782388800,3995.3,3999.9,3994.6,3998.3,1647.0
1782389400,3997.8,4001.2,3995.0,3998.2,1700.0
1782390000,3998.3,4001.1,3993.3,3999.2,2404.0
1782390600,3998.7,4027.6,3998.5,4013.7,13545.0
1782391200,4014.0,4035.0,4007.7,4029.4,9502.0
1782391800,4030.0,4035.0,4023.9,4028.2,4926.0
1782392400,4028.3,4050.0,4027.5,4045.3,10620.0
1782393000,4045.6,4049.6,4036.1,4038.5,4977.0
1782393600,4038.7,4046.5,4034.2,4037.7,4602.0
1782394200,4037.8,4044.4,4028.3,4039.5,8008.0
1782394800,4039.4,4039.9,4023.7,4029.4,6736.0
1782395400,4029.3,4035.3,4016.4,4018.0,6981.0
1782396000,4017.9,4037.8,4015.1,4032.9,8253.0
1782396600,4033.1,4037.4,4028.6,4033.7,4004.0
1782397200,4033.4,4044.9,4028.5,4042.7,5207.0
1782397800,4042.8,4045.4,4031.7,4033.6,3961.0
1782398400,4033.6,4036.9,4030.1,4032.4,2679.0
1782399000,4032.3,4036.1,4026.7,4027.4,3156.0
1782399600,4027.5,4035.9,4024.8,4032.4,3462.0
1782400200,4032.2,4032.7,4020.3,4030.1,4087.0
1782400800,4030.2,4056.5,4027.9,4042.4,8752.0
1782401400,4042.4,4046.5,4037.2,4044.4,3583.0
1782402000,4044.1,4052.3,4042.0,4046.9,2934.0
1782402600,4047.0,4058.7,4045.6,4057.0,5241.0
1782403200,4057.0,4058.8,4048.9,4049.8,3062.0
1782403800,4049.6,4060.0,4049.2,4056.5,3287.0
1782404400,4056.7,4059.8,4055.1,4056.3,2181.0
1782405000,4056.1,4056.6,4046.7,4047.3,2336.0
1782405600,4047.7,4049.6,4039.3,4047.4,2513.0
1782406200,4047.1,4049.2,4042.8,4044.4,1504.0
1782406800,4044.2,4047.9,4042.3,4045.9,1494.0
1782407400,4045.8,4048.5,4044.4,4045.8,1152.0
1782408000,4045.4,4051.7,4043.3,4048.1,2084.0
1782408600,4048.2,4050.7,4046.6,4048.9,1194.0
1782409200,4048.8,4051.4,4044.7,4047.0,1083.0
1782409800,4047.0,4052.4,4046.6,4050.1,1134.0
1782410400,4050.4,4051.0,4041.4,4048.1,2159.0
1782411000,4048.6,4056.4,4045.9,4053.7,1889.0
1782411600,4053.7,4060.0,4052.9,4059.8,2246.0
1782412200,4059.9,4059.9,4048.1,4051.4,2091.0
1782412800,4051.7,4051.8,4045.1,4047.9,1528.0
1782413400,4047.9,4052.0,4047.4,4050.4,813.0
1782414000,4050.7,4055.5,4048.3,4054.8,929.0
1782414600,4054.3,4059.5,4051.5,4052.9,1864.0
1782415200,4053.0,4056.7,4050.9,4051.8,1004.0
1782415800,4051.6,4052.4,4047.3,4050.1,1102.0
1782416400,4050.3,4053.2,4040.8,4041.8,1984.0
1782417000,4041.8,4042.8,4036.7,4041.5,2470.0
1782417600,4041.5,4049.9,4040.4,4042.8,1408.0
1782418200,4043.1,4044.4,4041.1,4043.4,1148.0
1782418800,4043.3,4045.8,4043.0,4045.3,530.0
1782419400,4045.1,4045.1,4040.1,4041.0,583.0
1782420000,4041.1,4042.1,4039.2,4039.7,722.0
1782420600,4039.7,4042.5,4039.2,4042.0,648.0
1782424800,4042.2,4046.7,4040.1,4040.4,1453.0
1782425400,4040.5,4041.5,4035.8,4037.0,1360.0
1782426000,4036.9,4041.4,4034.1,4039.5,1925.0
1782426600,4039.4,4051.9,4039.1,4048.8,2381.0
1782427200,4049.2,4051.7,4039.2,4040.4,2071.0
1782427800,4040.1,4042.8,4037.1,4041.7,1702.0
1782428400,4041.5,4042.6,4036.5,4038.1,848.0
1782429000,4038.3,4041.4,4036.4,4041.1,937.0
1782429600,4041.5,4045.6,4040.4,4045.2,1102.0
1782430200,4045.2,4045.7,4035.7,4039.0,1707.0
1782430800,4039.2,4039.7,4031.4,4033.3,1244.0
1782431400,4033.0,4035.0,4027.2,4029.7,1955.0
1782432000,4029.7,4034.1,4026.1,4029.5,2556.0
1782432600,4029.2,4038.4,4026.9,4036.6,2453.0
1782433200,4036.8,4037.0,4027.2,4030.5,1827.0
1782433800,4030.3,4032.8,4027.0,4031.0,1318.0
1782434400,4031.2,4038.9,4029.9,4033.7,1553.0
1782435000,4034.1,4040.0,4030.6,4035.4,2226.0
1782435600,4035.6,4044.8,4029.3,4033.0,4394.0
1782436200,4032.7,4042.0,4032.4,4040.1,2014.0
1782436800,4040.1,4040.2,4032.9,4037.9,1329.0
1782437400,4038.1,4039.1,4031.5,4036.8,2011.0
1782438000,4036.7,4041.1,4029.5,4031.4,2645.0
1782438600,4031.7,4037.4,4029.5,4036.4,1715.0
1782439200,4036.3,4038.5,4030.6,4032.1,1459.0
1782439800,4032.0,4032.0,4023.6,4024.2,2283.0
1782440400,4024.3,4026.4,4019.0,4022.4,3369.0
1782441000,4022.6,4024.5,4007.0,4013.1,4626.0
1782441600,4013.0,4013.0,4006.3,4008.4,2838.0
1782442200,4008.4,4011.1,3998.1,4005.8,4411.0
1782442800,4005.9,4010.7,4001.7,4010.2,3140.0
1782443400,4010.0,4015.5,4008.6,4014.2,2811.0
1782444000,4013.7,4013.8,4007.6,4010.5,1503.0
1782444600,4010.6,4013.7,4008.2,4011.6,1086.0
1782445200,4011.7,4016.7,4011.4,4012.8,1529.0
1782445800,4013.1,4021.9,4013.1,4019.6,1930.0
1782446400,4019.4,4020.9,4013.8,4016.3,1807.0
1782447000,4016.2,4027.4,4016.2,4024.7,2081.0
1782447600,4024.8,4025.7,4021.3,4022.6,1103.0
1782448200,4022.4,4023.6,4017.6,4018.5,1147.0
1782448800,4018.4,4025.1,4016.9,4024.3,1201.0
1782449400,4024.7,4030.6,4024.1,4026.6,1965.0
1782450000,4026.5,4028.3,4021.7,4027.2,1285.0
1782450600,4027.3,4034.8,4027.0,4030.3,1925.0
1782451200,4030.0,4034.0,4027.1,4031.8,1451.0
1782451800,4031.9,4037.0,4027.4,4029.1,2546.0
1782452400,4029.0,4032.6,4020.6,4027.2,2404.0
1782453000,4027.3,4030.9,4021.9,4023.4,1743.0
1782453600,4023.3,4027.0,4022.1,4024.3,1695.0
1782454200,4023.9,4027.0,4021.9,4024.1,1088.0
1782454800,4024.3,4041.5,4024.0,4039.6,4180.0
1782455400,4039.8,4043.8,4036.8,4038.9,2995.0
1782456000,4039.0,4044.1,4036.3,4039.1,2182.0
1782456600,4039.1,4048.8,4037.5,4047.9,2799.0
1782457200,4047.7,4049.7,4042.3,4044.8,2881.0
1782457800,4045.0,4047.2,4042.4,4046.7,1234.0
1782458400,4046.7,4055.5,4043.3,4053.6,2801.0
1782459000,4053.6,4054.5,4049.4,4051.5,1400.0
1782459600,4051.7,4051.9,4043.6,4044.4,1114.0
1782460200,4044.3,4047.6,4042.5,4046.0,1248.0
1782460800,4046.0,4048.7,4041.0,4045.7,1513.0
1782461400,4045.7,4050.2,4043.4,4048.1,1188.0
1782462000,4047.7,4051.2,4045.4,4050.9,1168.0
1782462600,4050.9,4051.6,4047.2,4048.6,827.0
1782463200,4048.6,4053.5,4047.6,4048.7,1294.0
1782463800,4048.9,4049.6,4044.8,4046.1,954.0
1782464400,4046.1,4055.3,4044.3,4054.0,2089.0
1782465000,4054.0,4062.7,4049.4,4062.3,3578.0
1782465600,4062.3,4066.5,4058.4,4063.2,3119.0
1782466200,4063.3,4069.7,4060.3,4067.0,2562.0
1782466800,4067.0,4069.1,4060.9,4062.4,2020.0
1782467400,4062.5,4069.3,4061.9,4062.5,1520.0
1782468000,4062.6,4066.4,4059.6,4065.4,1410.0
1782468600,4065.3,4067.7,4060.0,4060.0,1343.0
1782469200,4060.2,4064.1,4057.4,4063.2,1367.0
1782469800,4063.3,4069.6,4062.6,4064.4,1534.0
1782470400,4064.3,4066.1,4062.0,4064.0,1002.0
1782471000,4064.1,4070.5,4063.7,4070.1,1212.0
1782471600,4070.2,4071.0,4066.6,4068.0,1557.0
1782472200,4068.1,4069.6,4061.5,4068.4,1881.0
1782472800,4068.4,4069.2,4065.9,4068.1,767.0
1782473400,4068.5,4071.5,4063.5,4063.8,1248.0
1782474000,4063.6,4065.6,4060.5,4060.8,1434.0
1782474600,4061.0,4062.4,4057.6,4061.0,2231.0
1782475200,4061.0,4063.1,4058.3,4062.7,1328.0
1782475800,4062.7,4066.7,4058.9,4059.6,1670.0
1782476400,4059.4,4062.6,4056.7,4061.6,2196.0
1782477000,4061.1,4064.1,4057.6,4058.9,2170.0
1782477600,4059.3,4059.3,4050.6,4059.1,3879.0
1782478200,4059.0,4076.7,4058.3,4074.0,5138.0
1782478800,4074.1,4081.0,4058.1,4059.7,7129.0
1782479400,4060.0,4068.0,4057.6,4065.1,4969.0
1782480000,4065.3,4073.6,4064.2,4072.1,5079.0
1782480600,4072.0,4072.0,4059.6,4062.7,5017.0
1782481200,4062.3,4080.4,4062.2,4077.0,4922.0
1782481800,4077.0,4093.1,4075.8,4088.9,7027.0
1782482400,4089.0,4095.8,4083.0,4095.0,7420.0
1782483000,4095.0,4108.6,4092.3,4104.1,7483.0
1782483600,4104.1,4108.3,4099.3,4099.5,4883.0
1782484200,4099.6,4100.3,4091.4,4094.4,4422.0
1782484800,4094.4,4107.1,4091.5,4103.2,4368.0
1782485400,4103.9,4106.7,4095.5,4095.5,4243.0
1782486000,4095.8,4098.4,4090.4,4095.9,3427.0
1782486600,4095.8,4099.9,4092.6,4097.2,3158.0
1782487200,4097.3,4099.7,4095.3,4099.1,1870.0
1782487800,4099.5,4109.7,4096.7,4106.8,3853.0
1782488400,4106.8,4111.8,4105.7,4110.1,3729.0
1782489000,4110.4,4110.8,4098.3,4106.3,4693.0
1782489600,4106.0,4108.3,4103.6,4104.4,1699.0
1782490200,4104.6,4109.1,4103.4,4105.7,1707.0
1782490800,4105.8,4106.0,4098.6,4102.1,2322.0
1782491400,4102.2,4108.5,4099.6,4099.8,2469.0
1782492000,4100.0,4102.0,4097.4,4098.9,1752.0
1782492600,4099.2,4100.8,4097.8,4100.2,1004.0
1782493200,4100.2,4103.3,4098.5,4102.0,1142.0
1782493800,4102.1,4102.6,4096.6,4096.8,1506.0
1782494400,4096.8,4100.3,4095.4,4096.6,2342.0
1782495000,4096.8,4098.4,4089.2,4090.5,2470.0
1782495600,4090.6,4092.9,4089.2,4091.1,1287.0
1782496200,4091.3,4091.9,4088.2,4089.5,1067.0
1782496800,4089.6,4094.1,4087.0,4092.3,1822.0
1782497400,4092.2,4093.1,4088.4,4089.1,964.0
1782498000,4089.1,4089.5,4086.2,4088.3,1126.0
1782498600,4088.3,4090.3,4087.4,4088.7,834.0
1782499200,4088.7,4088.9,4082.3,4084.0,1326.0
1782499800,4084.2,4086.3,4081.8,4082.1,1091.0
1782500400,4082.1,4083.3,4079.1,4081.4,1543.0
1782501000,4081.2,4084.6,4080.6,4082.7,1093.0
1782501600,4082.6,4082.7,4079.1,4080.8,1078.0
1782502200,4081.0,4085.5,4080.1,4083.0,1355.0
1782502800,4083.0,4084.9,4081.5,4084.5,904.0
1782503400,4084.6,4089.1,4084.4,4086.2,1797.0
1782504000,4086.3,4087.2,4080.4,4080.8,1099.0
1782504600,4080.6,4083.0,4078.8,4082.0,851.0
1782505200,4082.2,4087.1,4081.7,4086.6,653.0
1782505800,4086.2,4086.3,4081.5,4083.5,739.0
1782506400,4083.6,4090.3,4083.3,4090.2,762.0
1782507000,4090.1,4104.4,4087.7,4103.7,1805.0
1782684000,4102.6,4102.9,4086.1,4089.8,4710.0
1782684600,4089.8,4092.3,4066.9,4073.8,5002.0
1782685200,4073.7,4076.9,4069.7,4071.1,2214.0
1782685800,4071.0,4077.2,4069.7,4074.8,1766.0
1782686400,4075.2,4083.5,4075.2,4083.3,1527.0
1782687000,4083.0,4083.7,4076.2,4080.7,2004.0
1782687600,4080.7,4085.3,4079.6,4084.7,1709.0
1782688200,4084.2,4084.5,4073.2,4074.1,2030.0
1782688800,4074.2,4075.0,4069.2,4071.0,1833.0
1782689400,4071.0,4077.0,4065.7,4074.8,2639.0
1782690000,4074.9,4080.0,4074.1,4075.8,1678.0
1782690600,4076.2,4080.9,4075.3,4076.9,1464.0
1782691200,4076.7,4079.3,4067.5,4072.4,3406.0
1782691800,4072.7,4076.5,4070.8,4071.7,2241.0
1782692400,4072.0,4072.6,4062.3,4062.4,3206.0
1782693000,4062.6,4076.0,4062.5,4074.4,2722.0
1782693600,4074.8,4083.9,4074.7,4080.5,3010.0
1782694200,4080.2,4088.6,4078.5,4083.8,2427.0
1782694800,4083.7,4088.7,4072.1,4076.4,5528.0
1782695400,4076.4,4079.1,4068.2,4072.7,3650.0
1782696000,4072.5,4080.7,4071.3,4073.9,1932.0
1782696600,4073.5,4079.2,4070.1,4076.5,1844.0
1782697200,4076.5,4081.3,4069.3,4074.9,1976.0
1782697800,4074.6,4077.8,4070.9,4075.4,1189.0
1782698400,4075.5,4085.1,4073.6,4076.4,3012.0
1782699000,4076.6,4083.7,4074.7,4082.1,1976.0
1782699600,4082.1,4085.4,4079.7,4083.7,1232.0
1782700200,4083.6,4086.6,4074.4,4075.1,2392.0
1782700800,4074.7,4084.2,4072.8,4082.3,2573.0
1782701400,4082.1,4084.2,4078.7,4081.0,1477.0
1782702000,4081.1,4085.0,4079.7,4084.7,913.0
1782702600,4084.4,4086.4,4080.1,4084.2,1271.0
1782703200,4084.3,4091.1,4083.8,4087.1,1595.0
1782703800,4087.4,4088.3,4080.1,4082.0,1654.0
1782704400,4081.5,4086.5,4080.1,4082.5,1276.0
1782705000,4082.4,4086.6,4081.3,4083.8,746.0
1782705600,4083.5,4083.7,4079.6,4080.7,767.0
1782706200,4080.7,4081.4,4076.5,4078.9,1116.0
1782706800,4078.9,4080.8,4076.5,4079.2,814.0
1782707400,4079.2,4079.5,4069.0,4069.0,1679.0
1782708000,4069.2,4072.4,4066.6,4071.3,1692.0
1782708600,4071.4,4072.0,4063.5,4065.8,1546.0
1782709200,4065.7,4071.5,4061.0,4066.9,2634.0
1782709800,4066.6,4071.3,4066.2,4068.6,1058.0
1782710400,4068.4,4070.7,4062.0,4063.6,1563.0
1782711000,4063.3,4064.5,4053.3,4058.0,4766.0
1782711600,4058.3,4067.8,4057.2,4063.9,2092.0
1782712200,4064.2,4071.3,4061.4,4069.0,2188.0
1782712800,4068.8,4078.7,4067.9,4076.2,2471.0
1782713400,4075.8,4077.0,4071.8,4074.5,1396.0
1782714000,4074.2,4077.7,4070.5,4075.7,1339.0
1782714600,4075.5,4076.1,4069.6,4074.1,1375.0
1782715200,4074.5,4079.9,4073.1,4077.8,1353.0
1782715800,4077.8,4079.6,4076.4,4077.1,951.0
1782716400,4077.2,4077.5,4072.3,4074.3,1318.0
1782717000,4074.3,4077.5,4070.7,4075.1,1130.0
1782717600,4074.9,4081.1,4072.6,4080.9,1126.0
1782718200,4080.8,4081.6,4076.1,4077.8,872.0
1782718800,4078.0,4079.6,4075.1,4078.1,848.0
1782719400,4077.9,4083.3,4075.7,4076.1,1483.0
1782720000,4075.8,4080.6,4074.8,4078.3,988.0
1782720600,4078.1,4080.0,4076.3,4078.4,751.0
1782721200,4078.4,4078.6,4074.0,4075.5,909.0
1782721800,4075.5,4081.0,4074.9,4076.8,1058.0
1782722400,4076.8,4076.9,4067.5,4069.3,2017.0
1782723000,4069.4,4069.9,4057.6,4061.1,2713.0
1782723600,4060.8,4069.3,4059.3,4067.1,1731.0
1782724200,4067.2,4068.0,4062.3,4065.8,1299.0
1782724800,4065.8,4065.8,4059.3,4061.5,1855.0
1782725400,4061.4,4064.9,4055.0,4057.3,2884.0
1782726000,4057.3,4058.5,4051.4,4053.8,1658.0
1782726600,4054.0,4054.3,4038.4,4046.1,4648.0
1782727200,4045.9,4047.9,4041.8,4046.2,1796.0
1782727800,4046.2,4054.5,4046.0,4049.8,2111.0
1782728400,4049.6,4053.3,4048.8,4051.5,1127.0
1782729000,4051.5,4053.1,4045.8,4052.6,1562.0
1782729600,4052.4,4053.0,4046.8,4049.4,1209.0
1782730200,4049.2,4052.8,4048.4,4051.5,1042.0
1782730800,4051.7,4053.1,4049.5,4051.2,714.0
1782731400,4051.0,4051.1,4046.9,4047.8,871.0
1782732000,4047.7,4049.1,4041.6,4046.2,1627.0
1782732600,4046.1,4052.8,4044.0,4046.7,2189.0
1782733200,4046.4,4052.4,4046.4,4049.2,1198.0
1782733800,4049.5,4056.7,4049.4,4053.6,1479.0
1782734400,4053.7,4062.8,4052.1,4062.3,2968.0
1782735000,4062.6,4067.0,4057.6,4057.9,2692.0
1782735600,4057.8,4060.1,4051.6,4052.5,2947.0
1782736200,4052.7,4061.6,4051.9,4059.0,2402.0
1782736800,4059.2,4061.2,4055.7,4057.5,1501.0
1782737400,4057.5,4062.2,4056.7,4057.7,1427.0
1782738000,4057.9,4066.4,4057.7,4060.3,2770.0
1782738600,4060.4,4064.2,4058.5,4063.5,1381.0
1782739200,4063.4,4063.5,4051.8,4051.8,2470.0
1782739800,4052.0,4058.8,4048.0,4050.2,4121.0
1782740400,4050.2,4056.0,4047.0,4049.4,3127.0
1782741000,4049.1,4050.6,4042.3,4046.2,3836.0
1782741600,4046.5,4049.7,4028.9,4029.8,8532.0
1782742200,4029.8,4032.8,4012.5,4031.5,11028.0
1782742800,4031.6,4043.0,4029.2,4038.9,5345.0
1782743400,4038.9,4042.5,4035.1,4037.8,3137.0
1782744000,4037.6,4038.8,4031.9,4033.9,2910.0
1782744600,4033.7,4044.7,4033.0,4039.9,3510.0
1782745200,4040.2,4040.6,4034.7,4037.2,2003.0
1782745800,4037.4,4041.9,4033.1,4036.3,2300.0
1782746400,4036.3,4038.8,4030.0,4038.5,3059.0
1782747000,4038.6,4040.9,4031.7,4037.0,2851.0
1782747600,4037.1,4042.4,4035.5,4041.1,1497.0
1782748200,4041.0,4045.3,4039.8,4041.5,2054.0
1782748800,4041.7,4043.3,4038.5,4042.0,1556.0
1782749400,4041.8,4042.5,4036.1,4039.9,1367.0
1782750000,4039.8,4041.2,4037.9,4038.2,694.0
1782750600,4038.4,4039.0,4033.0,4035.8,1308.0
1782751200,4035.4,4040.8,4033.8,4040.5,1368.0
1782751800,4040.5,4042.7,4038.1,4038.2,1126.0
1782752400,4038.4,4046.5,4037.5,4045.1,1798.0
1782753000,4044.8,4046.8,4042.4,4045.0,1857.0
1782753600,4045.0,4045.0,4036.6,4038.3,2107.0
1782754200,4038.5,4039.1,4035.4,4038.4,1018.0
1782754800,4038.1,4039.0,4035.0,4035.8,813.0
1782755400,4035.9,4037.1,4033.6,4035.6,944.0
1782756000,4035.5,4038.7,4035.2,4037.2,763.0
1782756600,4037.0,4040.0,4037.0,4039.2,584.0
1782757200,4039.4,4039.9,4034.8,4035.7,703.0
1782757800,4035.8,4036.2,4034.3,4035.1,531.0
1782758400,4035.5,4036.0,4030.2,4030.4,935.0
1782759000,4030.7,4032.6,4026.4,4027.5,1291.0
1782759600,4027.7,4029.2,4023.8,4025.9,1183.0
1782760200,4025.7,4026.4,4019.3,4023.1,1913.0
1782760800,4023.4,4031.7,4022.9,4031.6,1889.0
1782761400,4031.6,4034.3,4031.1,4032.1,1173.0
1782762000,4031.8,4033.1,4029.1,4029.4,796.0
1782762600,4029.5,4031.7,4027.1,4030.2,1457.0
1782763200,4030.6,4030.6,4027.4,4028.6,606.0
1782763800,4028.9,4031.4,4028.1,4031.1,479.0
1782764400,4031.2,4032.7,4030.5,4032.4,303.0
1782765000,4032.2,4032.4,4029.1,4029.3,324.0
1782765600,4029.3,4030.6,4028.9,4029.1,380.0
1782766200,4029.2,4031.8,4029.2,4030.8,562.0
1782770400,4030.8,4035.7,4030.6,4035.0,1036.0
1782771000,4035.0,4037.3,4031.8,4034.2,997.0
1782771600,4034.0,4034.7,4029.3,4030.0,878.0
1782772200,4029.7,4030.0,4026.3,4026.7,849.0
1782772800,4026.6,4029.1,4023.5,4028.4,1365.0
1782773400,4028.4,4031.3,4026.7,4028.7,1361.0
1782774000,4028.7,4035.7,4028.3,4033.3,1205.0
1782774600,4033.5,4036.9,4033.5,4035.4,849.0
1782775200,4035.5,4035.7,4029.8,4030.8,1055.0
1782775800,4030.8,4036.0,4029.4,4032.8,987.0
1782776400,4032.9,4032.9,4027.2,4030.8,1449.0
1782777000,4031.0,4032.6,4028.0,4028.8,671.0
1782777600,4028.6,4029.1,4017.0,4018.1,3483.0
1782778200,4018.3,4027.8,4018.3,4019.4,2782.0
1782778800,4019.5,4023.1,4017.5,4020.0,1242.0
1782779400,4019.9,4020.5,4008.2,4009.4,3724.0
1782780000,4009.0,4011.4,4003.6,4005.9,3016.0
1782780600,4005.8,4007.9,3990.6,4000.4,5853.0
1782781200,4000.7,4000.7,3955.3,3976.7,14935.0
1782781800,3977.6,3985.1,3963.7,3984.0,7665.0
1782782400,3983.8,3994.4,3979.4,3992.3,5255.0
1782783000,3992.4,3993.1,3983.3,3984.4,3828.0
1782783600,3984.5,3987.0,3974.7,3975.7,5128.0
1782784200,3976.1,3983.3,3974.7,3982.5,3086.0
1782784800,3982.3,3986.6,3971.9,3972.6,3825.0
1782785400,3972.7,3975.3,3965.7,3974.2,3608.0
1782786000,3974.3,3978.8,3969.2,3975.0,3149.0
1782786600,3975.0,3976.4,3967.3,3975.7,2760.0
1782787200,3975.5,3977.7,3970.1,3977.2,2147.0
1782787800,3977.5,3983.7,3972.8,3975.9,3311.0
1782788400,3975.9,3982.9,3975.7,3980.7,2245.0
1782789000,3980.5,3984.6,3978.8,3983.1,1969.0
1782789600,3983.4,3984.0,3976.2,3978.7,2281.0
1782790200,3978.5,3980.1,3973.0,3977.8,1558.0
1782790800,3977.5,3981.4,3975.3,3981.1,1071.0
1782791400,3981.0,3984.1,3979.0,3982.7,1505.0
1782792000,3982.6,3988.1,3981.1,3982.3,2124.0
1782792600,3982.4,3988.5,3981.4,3987.8,1339.0
1782793200,3987.7,3997.0,3987.7,3996.1,2673.0
1782793800,3995.8,4011.6,3995.7,4006.3,5400.0
1782794400,4006.2,4006.3,3997.3,4003.1,3458.0
1782795000,4003.0,4005.5,3999.0,3999.1,1614.0
1782795600,3999.0,4004.3,3997.6,4000.9,1646.0
1782796200,4001.2,4001.9,3994.3,3994.6,1495.0
1782796800,3995.0,4001.3,3992.0,3996.2,2090.0
1782797400,3996.4,3996.5,3988.6,3995.5,2689.0
1782798000,3995.6,3998.6,3991.4,3993.3,1981.0
1782798600,3993.5,3995.2,3989.7,3991.6,1228.0
1782799200,3991.7,4003.6,3991.7,4000.6,2460.0
1782799800,4000.5,4002.1,3997.3,4000.3,1586.0
1782800400,4000.3,4027.0,3999.2,4025.5,6507.0
1782801000,4025.3,4047.7,4024.2,4036.0,8961.0
1782801600,4035.9,4047.3,4035.3,4045.8,3775.0
1782802200,4045.3,4046.0,4040.4,4043.0,2506.0
1782802800,4043.5,4044.0,4038.2,4041.8,2182.0
1782803400,4041.6,4044.5,4037.5,4043.3,1673.0
1782804000,4043.2,4049.2,4040.5,4042.7,2462.0
1782804600,4042.5,4046.1,4039.8,4043.9,1572.0
1782805200,4044.0,4045.1,4040.8,4042.4,920.0
1782805800,4042.0,4047.3,4039.5,4046.0,1291.0
1782806400,4046.3,4051.9,4040.1,4041.7,2873.0
1782807000,4041.7,4042.1,4034.3,4035.9,2501.0
1782807600,4036.0,4040.5,4033.5,4039.8,1698.0
1782808200,4039.8,4040.9,4032.2,4033.0,1364.0
1782808800,4033.4,4033.6,4028.5,4032.4,2059.0
1782809400,4032.4,4033.6,4027.2,4029.3,1601.0
1782810000,4029.3,4035.8,4028.4,4032.7,1231.0
1782810600,4032.7,4033.8,4030.9,4032.1,606.0
1782811200,4032.3,4036.9,4029.9,4031.1,1804.0
1782811800,4031.5,4032.7,4025.8,4029.8,1878.0
1782812400,4029.9,4034.5,4029.6,4032.9,887.0
1782813000,4032.7,4038.2,4032.2,4037.8,1121.0
1782813600,4038.2,4040.8,4036.0,4038.4,1603.0
1782814200,4038.4,4041.4,4035.5,4038.2,985.0
1782814800,4038.2,4043.2,4037.9,4042.4,938.0
1782815400,4042.4,4042.8,4039.1,4041.7,867.0
1782816000,4041.5,4044.1,4040.2,4042.5,941.0
1782816600,4042.8,4045.4,4042.0,4043.9,1099.0
1782817200,4044.0,4046.2,4039.2,4044.9,1767.0
1782817800,4044.8,4048.6,4043.8,4044.5,1378.0
1782818400,4044.7,4048.2,4043.9,4045.9,1209.0
1782819000,4046.0,4047.7,4042.1,4045.9,1004.0
1782819600,4045.8,4051.4,4044.2,4046.7,1860.0
1782820200,4046.6,4048.4,4043.7,4047.4,1368.0
1782820800,4047.7,4048.3,4042.1,4042.3,1674.0
1782821400,4042.2,4042.6,4038.6,4040.2,2223.0
1782822000,4040.3,4040.5,4028.7,4030.9,3467.0
1782822600,4030.6,4035.9,4026.3,4032.0,3484.0
1782823200,4031.7,4033.6,4027.3,4029.0,1845.0
1782823800,4028.7,4030.0,4022.0,4023.5,3107.0
1782824400,4023.6,4038.2,4023.0,4037.4,4669.0
1782825000,4037.0,4044.5,4035.6,4044.0,4110.0
1782825600,4044.0,4047.9,4033.0,4037.9,4552.0
1782826200,4037.8,4041.8,4027.2,4027.9,5457.0
1782826800,4027.9,4042.9,4027.9,4037.9,4061.0
1782827400,4038.2,4047.3,4037.8,4043.9,3815.0
1782828000,4044.8,4060.0,4039.0,4057.9,7634.0
1782828600,4057.6,4064.3,4051.5,4064.0,8634.0
1782829200,4063.5,4078.3,4062.4,4069.0,9082.0
1782829800,4068.8,4073.3,4059.3,4063.9,5485.0
1782830400,4064.1,4068.5,4057.9,4058.3,3696.0
1782831000,4058.8,4062.3,4051.8,4052.0,2946.0
1782831600,4052.2,4054.2,4046.7,4049.7,5005.0
1782832200,4049.7,4051.9,4040.4,4041.5,4144.0
1782832800,4041.3,4045.2,4036.2,4042.8,3867.0
1782833400,4043.2,4045.7,4041.5,4045.0,1825.0
1782834000,4045.1,4050.6,4040.9,4047.8,2608.0
1782834600,4047.5,4049.2,4043.3,4044.0,1804.0
1782835200,4043.8,4044.9,4040.2,4041.5,2003.0
1782835800,4041.5,4045.7,4040.8,4044.6,1373.0
1782836400,4044.9,4046.3,4043.2,4044.3,1034.0
1782837000,4044.5,4046.0,4042.0,4044.5,873.0
1782837600,4044.6,4048.3,4042.9,4046.1,1388.0
1782838200,4045.9,4046.4,4040.3,4040.6,1465.0
1782838800,4040.7,4042.8,4035.4,4036.9,2481.0
1782839400,4036.9,4042.8,4034.3,4041.1,2420.0
1782840000,4041.0,4041.5,4034.9,4040.0,2945.0
1782840600,4040.1,4043.4,4040.0,4041.7,1500.0
1782841200,4041.7,4045.8,4040.9,4044.5,1066.0
1782841800,4044.5,4047.1,4044.4,4045.5,862.0
1782842400,4045.6,4049.0,4045.4,4047.7,995.0
1782843000,4047.5,4048.2,4045.1,4047.2,679.0
1782843600,4047.0,4047.8,4045.2,4046.5,606.0
1782844200,4046.4,4046.6,4043.9,4044.6,740.0
1782844800,4044.8,4046.8,4042.9,4046.3,984.0
1782845400,4046.4,4047.5,4043.1,4043.2,734.0
1782846000,4043.0,4044.3,4038.9,4039.7,1244.0
1782846600,4039.9,4041.5,4037.9,4038.7,1181.0
1782847200,4038.7,4039.1,4035.6,4035.8,894.0
1782847800,4036.0,4038.0,4035.3,4036.7,871.0
1782848400,4036.7,4037.5,4034.7,4035.1,807.0
1782849000,4035.2,4035.4,4029.1,4030.6,2899.0
1782849600,4030.4,4034.9,4027.9,4034.0,1517.0
1782850200,4034.1,4035.9,4032.3,4032.6,787.0
1782850800,4032.4,4032.7,4027.2,4027.5,1001.0
1782851400,4027.6,4028.5,4024.6,4025.2,790.0
1782852000,4025.3,4026.7,4024.5,4025.5,570.0
1782852600,4025.3,4026.2,4020.1,4021.4,882.0
1782856800,4024.0,4030.3,4022.3,4030.2,1630.0
1782857400,4030.3,4030.8,4025.7,4028.0,1415.0
1782858000,4028.0,4028.2,4024.8,4026.9,1308.0
1782858600,4026.7,4030.0,4026.3,4029.6,623.0
1782859200,4029.5,4032.5,4025.6,4026.4,1445.0
1782859800,4026.3,4026.9,4024.0,4026.3,966.0
1782860400,4026.6,4032.4,4024.3,4030.8,1798.0
1782861000,4030.8,4031.4,4025.3,4025.3,970.0
1782861600,4025.1,4025.3,4020.5,4024.3,1584.0
1782862200,4024.1,4025.9,4021.8,4023.4,885.0
1782862800,4023.6,4023.8,4018.0,4020.6,1386.0
1782863400,4020.4,4021.9,4017.4,4018.7,1478.0
1782864000,4018.8,4021.2,4017.9,4020.4,1290.0
1782864600,4020.5,4023.0,4014.4,4015.5,2272.0
1782865200,4015.7,4019.8,4013.2,4014.6,2380.0
1782865800,4014.8,4018.9,4013.6,4014.2,1473.0
1782866400,4014.2,4014.5,4007.6,4008.8,2894.0
1782867000,4008.6,4012.8,4006.2,4010.2,2300.0
1782867600,4010.0,4013.8,3995.6,3998.4,6185.0
1782868200,3998.2,3998.5,3988.2,3994.4,4162.0
1782868800,3994.4,3999.0,3993.7,3998.3,2489.0
1782869400,3998.5,4001.6,3988.2,3988.5,3309.0
1782870000,3988.5,3994.8,3986.0,3992.2,2983.0
1782870600,3991.8,3993.1,3986.6,3990.5,2142.0
1782871200,3990.5,3992.8,3983.0,3985.6,2796.0
1782871800,3985.3,3993.7,3984.7,3993.3,2292.0
1782872400,3993.4,3995.8,3992.5,3993.6,1787.0
1782873000,3993.6,3999.1,3991.6,3996.4,2285.0
1782873600,3996.5,3998.3,3993.6,3995.0,1208.0
1782874200,3995.1,3998.3,3991.1,3991.9,1366.0
1782874800,3991.8,3998.0,3991.2,3997.9,1511.0
1782875400,3997.8,4000.5,3995.9,3996.5,1458.0
1782876000,3996.7,3996.8,3993.1,3994.3,1208.0
1782876600,3994.4,3994.7,3988.4,3994.0,2637.0
1782877200,3994.2,3995.3,3989.3,3990.3,1562.0
1782877800,3990.2,3993.4,3989.5,3993.4,812.0
1782878400,3993.4,3993.9,3987.7,3988.4,1540.0
1782879000,3988.4,3989.6,3986.0,3989.0,1145.0
1782879600,3989.0,3991.0,3987.7,3990.2,1274.0
1782880200,3990.2,3993.5,3986.4,3987.1,1473.0
1782880800,3987.1,3993.0,3985.1,3992.5,1352.0
1782881400,3992.4,3995.3,3989.0,3989.4,1792.0
1782882000,3989.0,3989.9,3984.5,3986.3,1615.0
1782882600,3986.1,3986.1,3982.1,3984.8,1914.0
1782883200,3984.8,3988.0,3984.6,3985.6,1073.0
1782883800,3985.9,3991.7,3983.2,3988.4,2132.0
1782884400,3988.3,3989.7,3984.5,3988.1,1249.0
1782885000,3988.1,3991.9,3986.5,3986.7,1238.0
1782885600,3986.8,3990.3,3977.0,3979.7,3905.0
1782886200,3979.7,3981.8,3975.8,3979.1,2578.0
1782886800,3979.4,3982.7,3978.6,3980.2,1905.0
1782887400,3980.5,3981.3,3976.0,3980.5,1609.0
1782888000,3980.5,3986.4,3980.3,3982.9,2566.0
1782888600,3982.9,3986.7,3982.0,3985.0,1258.0
1782889200,3985.0,3987.2,3973.2,3977.3,3112.0
1782889800,3977.0,3983.8,3973.1,3982.9,2481.0
1782890400,3983.0,3985.2,3976.5,3977.1,2009.0
1782891000,3977.0,3982.6,3973.7,3981.8,2714.0
1782891600,3981.8,3986.0,3981.2,3984.0,2143.0
1782892200,3983.9,3991.3,3983.7,3988.8,2500.0
1782892800,3988.9,3989.3,3982.8,3984.3,1581.0
1782893400,3984.3,3996.2,3982.4,3996.0,2126.0
1782894000,3995.6,3997.8,3991.8,3992.1,2128.0
1782894600,3992.0,3993.1,3985.8,3986.2,1506.0
1782895200,3986.3,3992.0,3985.6,3988.2,1074.0
1782895800,3988.4,3991.0,3984.5,3987.9,1172.0
1782896400,3987.6,3989.4,3985.9,3986.8,910.0
1782897000,3987.1,3993.9,3987.1,3991.7,1378.0
1782897600,3991.7,3992.8,3989.9,3992.1,857.0
1782898200,3992.1,3995.9,3990.8,3995.4,1031.0
1782898800,3995.5,3999.2,3992.5,3998.7,1147.0
1782899400,3998.5,3999.2,3996.3,3997.7,1152.0
1782900000,3997.8,4004.0,3997.7,4001.0,1709.0
1782900600,4001.0,4001.2,3995.0,3995.6,1357.0
1782901200,3995.3,4000.7,3994.4,4000.2,1037.0
1782901800,4000.3,4007.6,4000.2,4003.0,1918.0
1782902400,4003.0,4004.5,3999.7,4004.3,1396.0
1782903000,4004.6,4012.3,4004.4,4011.8,2012.0
1782903600,4011.9,4024.6,4011.3,4024.0,3703.0
1782904200,4023.9,4038.5,4023.4,4036.3,4710.0
1782904800,4036.2,4043.5,4032.5,4040.5,4043.0
1782905400,4040.4,4042.1,4036.8,4038.4,2328.0
1782906000,4038.4,4048.6,4036.9,4047.6,3101.0
1782906600,4047.8,4049.5,4043.5,4044.1,2372.0
1782907200,4044.3,4047.8,4035.3,4036.8,4111.0
1782907800,4036.9,4042.4,4033.5,4042.1,3639.0
1782908400,4042.0,4044.4,4038.5,4039.6,2794.0
1782909000,4039.7,4047.0,4037.6,4038.1,4660.0
1782909600,4038.1,4044.7,4037.0,4040.4,2950.0
1782910200,4040.2,4043.2,4036.4,4036.8,2158.0
1782910800,4036.7,4039.1,4026.5,4031.8,5791.0
1782911400,4031.6,4046.0,4027.8,4038.6,5751.0
1782912000,4038.6,4061.8,4038.2,4061.0,9236.0
1782912600,4061.2,4086.6,4055.4,4085.7,11312.0
1782913200,4085.9,4122.6,4083.9,4104.8,18844.0
1782913800,4104.9,4113.1,4100.0,4104.4,7001.0
1782914400,4105.1,4116.5,4097.5,4109.0,8617.0
1782915000,4108.9,4114.5,4103.7,4109.2,5280.0
1782915600,4108.5,4121.6,4108.5,4115.1,6769.0
1782916200,4115.3,4130.8,4112.8,4120.7,7480.0
1782916800,4120.8,4121.5,4101.3,4103.3,6847.0
1782917400,4103.7,4109.6,4100.7,4107.7,3305.0
1782918000,4108.0,4109.2,4097.7,4098.8,3818.0
1782918600,4098.7,4106.4,4095.9,4101.1,4286.0
1782919200,4101.0,4104.6,4092.6,4098.1,3453.0
1782919800,4098.1,4098.2,4090.8,4094.9,3058.0
1782920400,4094.7,4099.8,4093.1,4098.3,2188.0
1782921000,4098.1,4102.5,4093.5,4095.3,2498.0
1782921600,4095.3,4103.7,4095.3,4098.5,2521.0
1782922200,4098.5,4099.1,4095.6,4098.3,1405.0
1782922800,4098.2,4099.5,4094.8,4095.9,1213.0
1782923400,4095.7,4097.5,4089.6,4091.3,2203.0
1782924000,4091.4,4091.8,4086.6,4086.9,2402.0
1782924600,4087.1,4088.7,4083.9,4085.0,2149.0
1782925200,4084.9,4087.5,4081.9,4082.7,2556.0
1782925800,4082.7,4086.0,4081.5,4083.9,1978.0
1782926400,4083.8,4085.7,4081.5,4081.9,1998.0
1782927000,4081.9,4086.2,4081.8,4084.8,1273.0
1782927600,4084.6,4087.4,4083.4,4085.0,1092.0
1782928200,4085.2,4086.5,4080.9,4082.2,1395.0
1782928800,4082.2,4084.5,4081.6,4081.7,910.0
1782929400,4081.8,4084.6,4078.8,4080.9,1375.0
1782930000,4080.7,4081.1,4074.7,4075.0,1580.0
1782930600,4075.2,4080.0,4075.2,4077.4,1072.0
1782931200,4077.4,4077.5,4074.4,4075.1,1386.0
1782931800,4075.4,4076.5,4071.4,4075.9,1869.0
1782932400,4076.0,4082.5,4075.4,4081.4,1939.0
1782933000,4081.3,4081.5,4074.8,4075.3,1275.0
1782933600,4075.3,4076.2,4070.4,4072.5,1613.0
1782934200,4072.8,4073.6,4068.8,4069.3,1113.0
1782934800,4069.6,4069.7,4064.5,4066.0,1811.0
1782935400,4066.0,4066.4,4048.5,4052.7,5351.0
1782936000,4052.6,4053.6,4041.7,4048.1,2743.0
1782936600,4047.9,4050.5,4046.8,4049.1,910.0
1782937200,4049.3,4053.0,4048.8,4051.9,791.0
1782937800,4051.7,4052.7,4047.8,4048.4,848.0
1782938400,4048.3,4049.3,4045.4,4046.3,837.0
1782939000,4046.5,4049.4,4043.8,4044.0,983.0
1782943200,4048.0,4053.7,4045.0,4047.8,1782.0
1782943800,4048.0,4050.1,4047.1,4047.8,954.0
1782944400,4048.2,4051.7,4047.5,4050.6,1000.0
1782945000,4050.5,4052.8,4049.3,4052.1,968.0
1782945600,4052.0,4056.3,4051.0,4056.2,1320.0
1782946200,4055.9,4057.5,4054.5,4057.3,930.0
1782946800,4057.0,4057.3,4052.3,4053.9,1412.0
1782947400,4053.7,4055.2,4048.2,4051.3,1637.0
1782948000,4051.6,4051.7,4046.0,4049.5,1290.0
1782948600,4049.5,4052.7,4047.1,4047.1,1195.0
1782949200,4047.4,4049.0,4045.4,4046.4,1018.0
1782949800,4046.1,4049.5,4046.0,4047.3,753.0
1782950400,4047.1,4053.4,4042.9,4051.5,3206.0
1782951000,4051.7,4059.2,4051.2,4052.8,3353.0
1782951600,4053.1,4060.8,4052.8,4059.1,1968.0
1782952200,4059.2,4059.3,4054.3,4055.2,1529.0
1782952800,4055.2,4065.8,4050.0,4062.7,2929.0
1782953400,4062.9,4065.2,4060.7,4063.8,2376.0
1782954000,4064.0,4080.5,4062.5,4076.4,6852.0
1782954600,4076.4,4080.0,4071.3,4072.6,2716.0
1782955200,4072.8,4073.1,4062.0,4065.1,3109.0
1782955800,4065.4,4067.1,4058.0,4065.3,3260.0
1782956400,4065.5,4068.1,4056.4,4064.9,2939.0
1782957000,4064.8,4069.1,4061.5,4062.5,2137.0
1782957600,4062.4,4063.6,4054.4,4056.7,2487.0
1782958200,4056.6,4066.5,4053.2,4066.4,2426.0
1782958800,4066.4,4067.2,4060.8,4063.8,1306.0
1782959400,4063.7,4066.7,4059.7,4063.7,1706.0
1782960000,4063.6,4071.0,4062.4,4069.4,1889.0
1782960600,4069.4,4073.2,4068.2,4069.4,1819.0
1782961200,4069.2,4072.1,4067.7,4067.8,1312.0
1782961800,4068.1,4072.5,4067.5,4071.1,1175.0
1782962400,4070.9,4079.4,4070.5,4077.3,2225.0
1782963000,4077.2,4078.9,4073.7,4076.8,1682.0
1782963600,4076.9,4081.6,4075.1,4080.9,1731.0
1782964200,4080.8,4086.4,4079.7,4081.9,1990.0
1782964800,4082.2,4085.1,4081.5,4082.6,1099.0
1782965400,4082.5,4083.2,4078.1,4079.2,1189.0
1782966000,4079.4,4080.0,4076.2,4077.8,1038.0
1782966600,4077.7,4078.6,4074.4,4075.2,929.0
1782967200,4075.1,4076.7,4073.2,4073.7,967.0
1782967800,4074.0,4077.1,4072.5,4072.7,992.0
1782968400,4073.0,4073.6,4069.5,4070.1,1274.0
1782969000,4070.2,4071.2,4066.2,4070.6,1536.0
1782969600,4070.7,4074.3,4069.4,4069.4,1498.0
1782970200,4069.7,4078.4,4065.1,4074.9,2806.0
1782970800,4074.9,4077.3,4072.0,4072.7,1046.0
1782971400,4073.0,4079.9,4073.0,4078.2,1363.0
1782972000,4078.2,4088.5,4078.0,4082.2,3413.0
1782972600,4082.2,4088.0,4079.4,4087.0,1708.0
1782973200,4087.1,4092.6,4086.5,4086.8,2534.0
1782973800,4086.7,4090.3,4084.2,4084.8,1482.0
1782974400,4084.9,4086.5,4078.3,4085.6,1995.0
1782975000,4085.7,4089.3,4082.1,4085.8,1966.0
1782975600,4085.9,4086.2,4079.7,4084.4,1528.0
1782976200,4084.7,4086.9,4076.7,4077.4,1624.0
1782976800,4077.3,4079.8,4073.4,4075.0,1488.0
1782977400,4074.9,4083.7,4073.0,4083.7,1399.0
1782978000,4083.4,4088.3,4079.6,4082.0,1968.0
1782978600,4082.5,4083.2,4076.1,4076.8,1032.0
1782979200,4076.7,4084.4,4073.7,4083.6,1743.0
1782979800,4083.7,4086.5,4080.7,4085.9,1559.0
1782980400,4085.7,4090.4,4085.1,4087.5,1244.0
1782981000,4087.4,4088.5,4084.5,4087.4,1158.0
1782981600,4087.7,4092.5,4085.8,4089.4,1270.0
1782982200,4089.0,4093.0,4085.4,4088.6,1397.0
1782982800,4088.6,4089.4,4081.9,4083.5,1212.0
1782983400,4083.7,4086.2,4081.5,4084.0,896.0
1782984000,4083.6,4084.6,4078.5,4080.0,1040.0
1782984600,4080.1,4080.5,4075.8,4079.5,1765.0
1782985200,4079.8,4084.8,4078.0,4081.2,1338.0
1782985800,4081.4,4082.9,4076.9,4077.7,1061.0
1782986400,4077.9,4079.0,4075.5,4076.8,1056.0
1782987000,4076.9,4079.1,4074.5,4078.4,1058.0
1782987600,4078.4,4080.7,4077.1,4078.8,699.0
1782988200,4078.5,4079.6,4075.9,4076.2,705.0
1782988800,4076.3,4081.7,4073.9,4074.2,1166.0
1782989400,4074.1,4080.4,4073.8,4078.6,811.0
1782990000,4079.0,4079.3,4069.5,4071.7,2353.0
1782990600,4072.0,4080.0,4072.0,4077.9,1719.0
1782991200,4077.8,4078.3,4074.8,4077.4,1267.0
1782991800,4077.9,4079.4,4075.3,4079.0,1093.0
1782992400,4079.1,4084.5,4077.2,4083.6,2035.0
1782993000,4083.4,4084.2,4077.4,4077.4,1033.0
1782993600,4077.4,4085.9,4074.1,4082.0,2676.0
1782994200,4082.3,4083.3,4073.2,4073.9,2044.0
1782994800,4074.0,4082.3,4074.0,4078.7,2497.0
1782995400,4078.4,4152.8,4077.5,4150.1,21299.0
1782996000,4150.3,4154.1,4133.0,4137.7,10095.0
1782996600,4137.9,4144.0,4125.0,4130.5,7898.0
1782997200,4130.8,4143.0,4128.5,4130.8,8738.0
1782997800,4131.0,4139.4,4127.4,4131.8,4514.0
1782998400,4132.0,4133.4,4122.1,4125.8,4494.0
1782999000,4125.5,4151.2,4122.7,4148.0,9984.0
1782999600,4148.5,4156.4,4138.9,4153.9,7397.0
1783000200,4153.9,4157.4,4145.1,4150.3,5392.0
1783000800,4150.4,4152.3,4140.7,4140.7,5027.0
1783001400,4140.6,4149.0,4136.5,4143.4,5161.0
1783002000,4143.4,4143.5,4126.8,4129.2,4682.0
1783002600,4129.2,4138.8,4127.7,4131.5,4823.0
1783003200,4131.5,4136.0,4127.6,4135.5,3571.0
1783003800,4135.5,4143.0,4133.3,4141.6,3595.0
1783004400,4142.0,4144.7,4127.8,4134.0,4324.0
1783005000,4134.1,4144.1,4133.1,4135.2,3794.0
1783005600,4135.4,4144.6,4134.6,4135.6,3098.0
1783006200,4135.7,4144.4,4135.5,4140.7,2042.0
1783006800,4140.6,4143.2,4137.6,4141.6,1553.0
1783007400,4141.5,4142.5,4137.0,4141.5,1204.0
1783008000,4141.6,4143.4,4134.8,4135.4,1766.0
1783008600,4135.6,4139.2,4133.4,4136.2,1282.0
1783009200,4136.1,4136.7,4127.9,4129.3,2252.0
1783009800,4128.9,4128.9,4112.7,4123.2,6034.0
1783010400,4123.1,4131.9,4122.3,4130.9,2758.0
1783011000,4130.6,4133.6,4128.0,4131.1,2176.0
1783011600,4131.1,4134.0,4126.1,4130.0,2689.0
1783012200,4129.9,4133.2,4127.2,4130.1,1428.0
1783012800,4129.8,4130.6,4124.3,4125.8,2517.0
1783013400,4125.7,4127.8,4121.2,4122.2,1763.0
1783014000,4122.0,4122.9,4118.8,4121.9,1602.0
1783014600,4122.0,4123.6,4118.2,4119.4,881.0
1783015200,4119.7,4136.0,4118.5,4135.6,3073.0
1783015800,4135.5,4136.8,4128.7,4129.9,1893.0
1783016400,4129.6,4136.5,4128.9,4136.1,1335.0
1783017000,4136.3,4140.6,4136.0,4138.1,1369.0
1783017600,4138.3,4138.3,4133.0,4135.4,1462.0
1783018200,4135.3,4137.5,4133.7,4135.7,1142.0
1783018800,4136.0,4137.7,4128.9,4130.0,1782.0
1783019400,4130.2,4130.2,4124.8,4125.3,1267.0
1783020000,4125.0,4126.7,4121.2,4125.9,1459.0
1783020600,4125.7,4127.9,4124.2,4125.9,1126.0
1783021200,4125.8,4128.9,4125.4,4128.8,681.0
1783021800,4129.0,4137.2,4128.9,4134.2,2295.0
1783022400,4134.2,4135.8,4129.3,4134.6,1529.0
1783023000,4134.6,4135.3,4132.0,4135.3,573.0
1783023600,4135.1,4138.4,4135.1,4136.6,743.0
1783024200,4136.5,4138.2,4134.8,4135.0,520.0
1783024800,4135.0,4136.0,4132.6,4132.7,562.0
1783025400,4132.7,4137.3,4131.6,4135.6,658.0
1783029600,4137.2,4141.0,4137.1,4140.5,958.0
1783030200,4140.7,4140.9,4136.1,4137.7,578.0
1783030800,4137.6,4138.1,4135.2,4136.9,679.0
1783031400,4136.9,4139.0,4136.2,4137.1,584.0
1783032000,4137.3,4137.6,4134.6,4136.3,434.0
1783032600,4136.3,4138.9,4135.2,4137.1,591.0
1783033200,4137.3,4139.8,4136.8,4139.2,804.0
1783033800,4139.2,4140.5,4136.6,4137.7,827.0
1783034400,4137.8,4142.9,4137.2,4142.4,1183.0
1783035000,4142.2,4148.0,4134.2,4136.0,2153.0
1783035600,4136.0,4143.6,4133.4,4143.4,2170.0
1783036200,4143.4,4144.9,4137.0,4139.3,2394.0
1783036800,4139.2,4145.8,4136.0,4141.5,3165.0
1783037400,4142.0,4150.2,4139.7,4149.2,2411.0
1783038000,4148.9,4154.2,4148.2,4150.0,2499.0
1783038600,4150.0,4152.6,4145.8,4150.6,2097.0
1783039200,4150.3,4154.2,4146.5,4153.6,1631.0
1783039800,4153.8,4164.4,4152.6,4159.9,4311.0
1783040400,4160.0,4188.7,4159.2,4185.0,8098.0
1783041000,4184.9,4194.3,4179.8,4192.2,5679.0
1783041600,4191.8,4206.9,4191.0,4199.8,6056.0
1783042200,4199.9,4208.5,4194.7,4197.2,5686.0
1783042800,4197.5,4197.7,4188.4,4193.2,3848.0
1783043400,4193.1,4196.7,4187.6,4194.7,3166.0
1783044000,4194.6,4197.3,4189.5,4192.0,1810.0
1783044600,4191.9,4195.0,4189.3,4189.5,1295.0
1783045200,4189.7,4193.5,4189.4,4192.4,1065.0
1783045800,4192.1,4200.0,4191.0,4199.1,2098.0
1783046400,4199.1,4199.8,4191.8,4193.2,1814.0
1783047000,4193.2,4199.7,4192.0,4196.6,1679.0
1783047600,4196.4,4197.7,4192.7,4194.6,1447.0
1783048200,4195.0,4197.1,4194.5,4194.8,683.0
1783048800,4194.6,4196.4,4192.4,4194.4,898.0
1783049400,4194.6,4196.1,4192.0,4193.4,1136.0
1783050000,4193.3,4195.1,4189.3,4189.9,1491.0
1783050600,4189.5,4190.7,4188.2,4189.1,787.0
1783051200,4188.8,4191.0,4185.8,4191.0,1350.0
1783051800,4191.1,4194.8,4189.6,4194.4,1055.0
1783052400,4194.5,4196.0,4190.4,4191.5,1100.0
1783053000,4191.5,4191.6,4187.8,4189.2,910.0
1783053600,4189.2,4191.3,4188.5,4189.1,539.0
1783054200,4189.2,4191.5,4187.2,4191.5,844.0
1783054800,4191.4,4194.0,4189.2,4191.5,1014.0
1783055400,4191.7,4192.1,4189.0,4191.8,679.0
1783056000,4191.7,4191.9,4185.0,4188.3,1334.0
1783056600,4188.4,4194.4,4186.4,4186.4,1813.0
1783057200,4186.9,4188.8,4181.6,4183.8,1303.0
1783057800,4184.0,4186.3,4182.9,4183.7,948.0
1783058400,4183.6,4184.5,4177.0,4183.0,2510.0
1783059000,4183.0,4183.0,4173.1,4178.5,2638.0
1783059600,4179.0,4180.1,4175.9,4177.8,1057.0
1783060200,4177.9,4186.7,4177.5,4183.2,2218.0
1783060800,4183.3,4186.8,4181.7,4186.2,1256.0
1783061400,4186.2,4187.4,4183.7,4186.0,1118.0
1783062000,4186.1,4193.1,4184.0,4193.0,1645.0
1783062600,4192.7,4193.6,4183.2,4184.3,1588.0
1783063200,4184.2,4188.8,4181.7,4188.0,1215.0
1783063800,4188.0,4192.3,4186.3,4192.0,1087.0
1783064400,4192.0,4194.0,4189.5,4193.2,1121.0
1783065000,4193.4,4194.7,4187.4,4190.3,1795.0
1783065600,4190.2,4198.6,4190.1,4195.1,2021.0
1783066200,4195.0,4198.3,4193.9,4197.4,850.0
1783066800,4197.1,4198.1,4193.5,4195.7,1000.0
1783067400,4195.3,4199.3,4193.3,4194.6,1308.0
1783068000,4194.5,4198.0,4189.5,4189.8,1797.0
1783068600,4189.5,4195.0,4189.1,4193.4,1100.0
1783069200,4193.6,4194.3,4189.7,4189.7,861.0
1783069800,4189.9,4192.9,4187.8,4188.4,1340.0
1783070400,4188.2,4190.0,4183.5,4184.2,1670.0
1783071000,4184.1,4185.3,4180.7,4183.9,1846.0
1783071600,4183.9,4186.1,4182.4,4185.5,1018.0
1783072200,4185.6,4187.5,4183.5,4184.2,808.0
1783072800,4184.2,4193.0,4183.0,4190.9,1434.0
1783073400,4191.1,4193.2,4190.0,4192.5,910.0
1783074000,4192.8,4193.6,4190.2,4190.7,886.0
1783074600,4190.7,4191.4,4187.9,4189.5,775.0
1783075200,4189.4,4191.0,4187.1,4188.2,836.0
1783075800,4188.1,4191.0,4188.0,4189.3,483.0
1783076400,4189.1,4192.3,4187.6,4192.0,768.0
1783077000,4191.7,4197.7,4191.6,4195.6,1526.0
1783077600,4195.8,4198.6,4194.7,4195.3,990.0
1783078200,4195.1,4198.4,4194.8,4197.7,769.0
1783078800,4197.6,4198.7,4196.1,4196.2,893.0
1783079400,4196.3,4196.7,4190.9,4193.5,1235.0
1783080000,4193.3,4195.7,4190.0,4193.5,1288.0
1783080600,4193.5,4193.5,4187.4,4188.1,1207.0
1783081200,4187.8,4187.8,4184.5,4187.1,1444.0
1783081800,4187.1,4190.1,4185.1,4187.7,1934.0
1783082400,4187.5,4189.6,4186.0,4187.9,718.0
1783083000,4187.9,4190.0,4184.2,4189.1,1552.0
1783083600,4189.3,4191.9,4178.5,4179.1,3231.0
1783084200,4178.8,4183.5,4176.5,4181.9,2802.0
1783084800,4182.1,4184.5,4179.4,4183.7,1357.0
1783085400,4183.8,4183.9,4177.0,4179.7,2074.0
1783086000,4179.8,4180.3,4175.4,4177.0,1461.0
1783086600,4177.2,4181.2,4175.7,4176.8,1748.0
1783087200,4176.8,4179.7,4167.5,4171.2,3640.0
1783087800,4171.0,4177.7,4170.7,4174.3,2262.0
1783088400,4174.7,4179.1,4173.3,4178.3,1713.0
1783089000,4178.4,4179.4,4175.8,4177.6,1459.0
1783089600,4177.3,4180.5,4175.7,4179.2,1345.0
1783090200,4179.3,4183.7,4179.1,4182.3,1538.0
1783090800,4182.4,4185.5,4181.0,4183.3,1379.0
1783091400,4183.3,4187.1,4183.3,4184.1,1369.0
1783092000,4184.1,4184.3,4179.3,4179.9,1273.0
1783092600,4179.9,4181.3,4178.5,4179.8,1251.0
1783093200,4179.5,4181.5,4179.2,4180.8,667.0
1783093800,4180.9,4180.9,4176.8,4177.4,1046.0
1783094400,4177.3,4178.0,4175.1,4177.7,986.0
1783095000,4177.5,4178.1,4174.8,4177.1,872.0
1783095600,4177.2,4180.0,4176.6,4178.9,928.0
1783096200,4178.9,4182.7,4178.9,4181.0,867.0
1783096800,4181.1,4185.1,4179.9,4183.0,1113.0
1783097400,4183.0,4188.6,4182.7,4186.9,1333.0
1783288800,4187.6,4200.7,4184.3,4191.6,3769.0
1783289400,4192.0,4194.9,4189.0,4189.6,1434.0
1783290000,4189.8,4198.0,4189.4,4196.9,1282.0
1783290600,4196.6,4203.9,4194.7,4202.5,1841.0
1783291200,4202.3,4202.8,4195.5,4196.2,1652.0
1783291800,4196.3,4201.9,4194.8,4200.2,1406.0
1783292400,4200.3,4203.6,4199.9,4201.5,1104.0
1783293000,4201.4,4202.7,4198.4,4199.8,1028.0
1783293600,4200.1,4214.3,4200.0,4212.6,2595.0
1783294200,4212.3,4213.6,4205.4,4209.3,2694.0
1783294800,4209.8,4211.1,4189.4,4194.5,4479.0
1783295400,4194.5,4197.7,4192.7,4195.0,1927.0
1783296000,4195.6,4197.6,4181.7,4189.1,5287.0
1783296600,4188.8,4194.2,4185.8,4190.3,2384.0
1783297200,4190.4,4191.3,4182.9,4186.1,2470.0
1783297800,4186.2,4196.8,4185.6,4196.7,2393.0
1783298400,4196.6,4200.9,4194.6,4196.9,2292.0
1783299000,4197.3,4199.9,4186.2,4191.1,2853.0
1783299600,4190.9,4204.7,4183.6,4192.7,5106.0
1783300200,4192.8,4204.7,4191.7,4200.8,2979.0
1783300800,4200.4,4202.6,4192.0,4201.2,2294.0
1783301400,4201.4,4212.5,4198.9,4208.4,4109.0
1783302000,4208.6,4215.9,4206.2,4206.8,3525.0
1783302600,4206.8,4207.5,4197.1,4198.1,2786.0
1783303200,4198.4,4200.6,4190.5,4193.0,3293.0
1783303800,4192.8,4196.3,4189.1,4195.9,2341.0
1783304400,4195.7,4198.6,4187.9,4189.6,2173.0
1783305000,4189.4,4190.5,4180.1,4185.0,3451.0
1783305600,4185.4,4187.7,4182.9,4186.0,1432.0
1783306200,4186.0,4187.7,4181.5,4185.5,1432.0
1783306800,4185.8,4188.5,4177.7,4179.0,2738.0
1783307400,4179.3,4183.7,4176.3,4177.1,1686.0
1783308000,4177.1,4178.6,4174.1,4177.5,1782.0
1783308600,4177.3,4181.1,4176.1,4177.3,1108.0
1783309200,4177.1,4178.1,4172.7,4174.7,1309.0
1783309800,4174.7,4178.6,4172.2,4177.0,1093.0
1783310400,4176.8,4178.4,4171.8,4173.0,1156.0
1783311000,4173.0,4176.6,4173.0,4175.9,716.0
1783311600,4175.7,4175.9,4172.0,4173.3,934.0
1783312200,4173.5,4174.5,4169.1,4171.4,1636.0
1783312800,4171.4,4172.8,4170.0,4171.9,539.0
1783313400,4171.9,4173.0,4169.6,4171.6,697.0
1783314000,4171.3,4172.9,4163.7,4165.0,2527.0
1783314600,4165.0,4167.7,4161.7,4163.4,1546.0
1783315200,4163.4,4166.0,4161.8,4164.1,1038.0
1783315800,4164.1,4172.5,4160.8,4166.4,3104.0
1783316400,4166.5,4169.7,4164.3,4165.8,1352.0
1783317000,4165.6,4168.5,4156.2,4159.7,2141.0
1783317600,4159.5,4163.9,4157.3,4163.1,2162.0
1783318200,4163.1,4164.4,4159.6,4161.0,1036.0
1783318800,4160.8,4168.8,4160.0,4168.0,1422.0
1783319400,4167.9,4171.4,4166.4,4167.6,1730.0
1783320000,4167.6,4169.5,4164.9,4167.3,974.0
1783320600,4167.5,4167.9,4160.5,4161.7,1107.0
1783321200,4162.0,4165.2,4159.6,4160.4,1464.0
1783321800,4160.3,4166.0,4158.6,4164.7,1382.0
1783322400,4164.7,4167.5,4162.6,4164.8,1423.0
1783323000,4164.7,4170.4,4162.8,4170.1,1238.0
1783323600,4170.5,4178.0,4170.5,4177.6,2305.0
1783324200,4177.5,4177.7,4173.7,4176.3,1040.0
1783324800,4176.3,4177.9,4171.8,4173.1,1543.0
1783325400,4173.0,4173.2,4164.4,4167.5,2008.0
1783326000,4168.0,4168.4,4164.6,4166.8,768.0
1783326600,4166.9,4167.4,4160.5,4162.3,1238.0
1783327200,4162.3,4164.9,4158.3,4160.0,1360.0
1783327800,4160.2,4164.3,4159.7,4161.8,844.0
1783328400,4161.9,4162.6,4159.1,4161.6,849.0
1783329000,4161.6,4161.9,4157.7,4158.9,1026.0
1783329600,4159.0,4160.9,4152.5,4155.3,2605.0
1783330200,4155.2,4155.4,4148.4,4153.3,3537.0
1783330800,4153.4,4153.8,4151.0,4152.4,902.0
1783331400,4152.5,4157.2,4152.5,4155.5,849.0
1783332000,4155.5,4157.4,4154.3,4156.7,679.0
1783332600,4156.6,4163.9,4156.2,4162.3,1399.0
1783333200,4162.4,4163.3,4160.7,4161.2,869.0
1783333800,4161.1,4167.5,4161.0,4165.5,1209.0
1783334400,4165.6,4168.2,4165.2,4166.4,774.0
1783335000,4166.2,4169.0,4164.2,4167.3,1077.0
1783335600,4167.4,4168.8,4163.6,4164.8,1143.0
1783336200,4165.0,4171.0,4164.0,4170.3,1246.0
1783336800,4170.0,4172.4,4167.1,4167.4,1033.0
1783337400,4167.5,4171.4,4166.7,4167.4,817.0
1783338000,4167.6,4168.4,4164.2,4164.8,1082.0
1783338600,4164.9,4168.2,4163.9,4167.4,1051.0
1783339200,4167.4,4171.0,4165.6,4168.8,1384.0
1783339800,4168.8,4169.2,4165.5,4167.8,1031.0
1783340400,4167.9,4169.7,4156.7,4157.6,3304.0
1783341000,4157.6,4158.2,4150.1,4151.5,3110.0
1783341600,4151.4,4152.9,4143.0,4147.1,5205.0
1783342200,4146.8,4154.8,4146.5,4151.6,2525.0
1783342800,4151.6,4160.5,4148.8,4157.7,3872.0
1783343400,4157.6,4160.6,4150.5,4151.8,2757.0
1783344000,4151.7,4161.5,4151.5,4154.5,2518.0
1783344600,4154.4,4162.6,4153.9,4161.3,3541.0
1783345200,4161.3,4163.1,4153.1,4158.3,3157.0
1783345800,4159.0,4160.8,4147.1,4153.4,3454.0
1783346400,4152.4,4160.0,4145.6,4148.4,5130.0
1783347000,4148.5,4157.5,4146.6,4148.8,3844.0
1783347600,4148.8,4151.5,4144.6,4149.2,2988.0
1783348200,4149.6,4154.6,4145.9,4149.6,3107.0
1783348800,4149.8,4151.6,4140.5,4145.8,3450.0
1783349400,4146.0,4151.0,4145.0,4150.6,1944.0
1783350000,4150.5,4159.0,4149.7,4156.6,2900.0
1783350600,4156.7,4157.0,4150.2,4151.8,2278.0
1783351200,4151.7,4163.1,4150.2,4162.5,2307.0
1783351800,4162.5,4164.1,4158.8,4162.9,2588.0
1783352400,4162.9,4163.1,4158.3,4158.9,1258.0
1783353000,4159.2,4160.6,4156.0,4160.1,1558.0
1783353600,4160.1,4160.3,4154.8,4155.7,1228.0
1783354200,4155.8,4156.4,4152.0,4155.2,1642.0
1783354800,4155.3,4158.7,4153.9,4157.3,1242.0
1783355400,4157.4,4161.9,4157.0,4161.3,1083.0
1783356000,4161.4,4162.2,4160.1,4162.2,797.0
1783356600,4162.2,4168.2,4162.2,4167.0,2524.0
1783357200,4166.8,4168.1,4164.0,4166.0,1299.0
1783357800,4166.1,4167.4,4162.6,4163.4,1151.0
1783358400,4163.4,4171.4,4161.8,4167.3,2604.0
1783359000,4167.5,4170.6,4166.5,4170.2,1042.0
1783359600,4170.2,4171.7,4167.9,4171.4,1067.0
1783360200,4171.4,4173.8,4170.2,4173.0,1155.0
1783360800,4173.4,4173.8,4167.1,4168.1,1820.0
1783361400,4168.0,4173.6,4167.1,4173.1,1021.0
1783362000,4173.0,4175.3,4171.9,4173.8,846.0
1783362600,4173.7,4179.7,4171.7,4177.2,1844.0
1783363200,4177.5,4177.8,4174.8,4176.5,894.0
1783363800,4176.3,4176.8,4173.9,4175.6,724.0
1783364400,4175.8,4177.4,4171.7,4172.6,1031.0
1783365000,4172.7,4173.2,4170.5,4173.1,895.0
1783365600,4173.0,4175.7,4172.5,4174.9,949.0
1783366200,4175.0,4175.6,4171.4,4171.9,962.0
1783366800,4171.8,4175.8,4171.3,4175.1,583.0
1783367400,4175.0,4176.7,4172.7,4175.4,1319.0
1783368000,4175.3,4176.2,4172.8,4173.5,465.0
1783368600,4173.6,4173.9,4172.4,4172.9,257.0
1783369200,4173.1,4175.5,4172.7,4174.4,296.0
1783369800,4174.5,4176.9,4174.2,4175.4,516.0
1783370400,4175.4,4176.3,4174.4,4174.9,434.0
1783371000,4175.0,4177.3,4174.9,4176.4,437.0
1783375200,4177.1,4179.1,4174.4,4177.0,1226.0
1783375800,4177.0,4178.6,4175.8,4178.4,432.0
1783376400,4178.2,4178.5,4176.0,4177.2,493.0
1783377000,4177.3,4181.2,4177.1,4178.6,1261.0
1783377600,4178.8,4179.0,4176.9,4176.9,334.0
1783378200,4176.9,4177.2,4174.8,4175.5,710.0
1783378800,4175.3,4176.6,4173.6,4175.2,682.0
1783379400,4175.0,4176.9,4174.4,4175.6,549.0
1783380000,4175.6,4175.9,4174.0,4174.4,325.0
1783380600,4174.2,4176.4,4173.0,4174.2,658.0
1783381200,4173.8,4174.9,4171.7,4174.4,1007.0
1783381800,4174.1,4174.6,4168.0,4168.5,1671.0
1783382400,4168.4,4169.9,4166.1,4168.1,1607.0
1783383000,4168.0,4169.7,4163.5,4168.4,1984.0
1783383600,4168.5,4172.2,4167.6,4171.2,1849.0
1783384200,4171.3,4174.4,4162.0,4162.8,2683.0
1783384800,4162.6,4164.1,4159.3,4162.6,2159.0
1783385400,4162.5,4165.9,4156.3,4157.5,1975.0
1783386000,4157.4,4160.2,4151.2,4153.5,4383.0
1783386600,4153.4,4155.0,4146.3,4148.3,3364.0
1783387200,4148.0,4148.9,4137.6,4144.6,4273.0
1783387800,4144.5,4152.6,4143.8,4151.0,3043.0
1783388400,4151.0,4158.5,4149.8,4156.4,2195.0
1783389000,4156.4,4157.2,4152.3,4153.9,1656.0
1783389600,4154.0,4155.0,4149.6,4150.0,1520.0
1783390200,4150.3,4156.7,4150.2,4153.9,1569.0
1783390800,4153.8,4157.3,4149.8,4152.2,1550.0
1783391400,4152.2,4156.2,4147.7,4153.5,1703.0
1783392000,4153.4,4155.1,4145.2,4146.8,1292.0
1783392600,4146.6,4148.5,4142.6,4147.9,2115.0
1783393200,4147.8,4151.6,4146.3,4149.6,1222.0
1783393800,4149.7,4150.1,4145.8,4147.1,990.0
1783394400,4147.1,4149.3,4140.1,4143.4,1613.0
1783395000,4143.1,4146.0,4141.8,4143.7,981.0
1783395600,4143.8,4144.4,4135.3,4137.2,2140.0
1783396200,4137.5,4142.7,4136.9,4142.4,1319.0
1783396800,4142.4,4151.2,4141.6,4150.9,1718.0
1783397400,4150.9,4152.4,4142.3,4143.5,1844.0
1783398000,4143.6,4145.7,4141.8,4143.2,934.0
1783398600,4143.1,4143.5,4140.2,4141.8,1097.0
1783399200,4141.5,4142.8,4139.6,4140.1,795.0
1783399800,4140.3,4141.0,4136.7,4137.7,1202.0
1783400400,4137.4,4142.2,4133.5,4137.0,2390.0
1783401000,4137.1,4138.4,4132.2,4133.6,1556.0
1783401600,4133.4,4140.1,4132.0,4139.6,1568.0
1783402200,4139.8,4140.1,4130.6,4131.2,2856.0
1783402800,4131.2,4135.2,4127.7,4132.8,2457.0
1783403400,4133.0,4138.5,4132.7,4135.2,1342.0
1783404000,4135.2,4140.7,4133.7,4134.5,1746.0
1783404600,4134.2,4137.3,4132.5,4134.8,1053.0
1783405200,4135.3,4141.0,4135.3,4138.6,1338.0
1783405800,4138.0,4141.2,4136.3,4139.7,943.0
1783406400,4139.8,4144.4,4139.5,4140.9,1444.0
1783407000,4141.1,4142.7,4140.3,4141.7,615.0
1783407600,4141.9,4142.7,4135.6,4137.7,1500.0
1783408200,4137.9,4143.0,4136.5,4141.6,1070.0
1783408800,4142.0,4143.5,4137.2,4137.9,765.0
1783409400,4138.1,4141.3,4137.0,4140.2,731.0
1783410000,4140.2,4144.8,4137.2,4138.5,1211.0
1783410600,4138.3,4139.5,4135.5,4135.6,1205.0
1783411200,4135.7,4142.5,4135.3,4141.3,1241.0
1783411800,4141.7,4150.9,4141.2,4146.9,2501.0
1783412400,4147.0,4150.4,4145.4,4150.2,1133.0
1783413000,4150.2,4150.7,4139.5,4143.2,1629.0
1783413600,4143.4,4144.5,4139.0,4139.3,1498.0
1783414200,4139.3,4139.9,4132.9,4137.0,1826.0
1783414800,4136.8,4139.7,4135.1,4137.7,827.0
1783415400,4137.7,4142.2,4137.4,4140.1,894.0
1783416000,4140.1,4140.1,4130.5,4132.3,1655.0
1783416600,4132.5,4142.6,4132.5,4140.2,1849.0
1783417200,4140.4,4144.6,4138.1,4138.3,919.0
1783417800,4138.5,4143.4,4136.2,4142.2,914.0
1783418400,4142.4,4145.6,4142.4,4144.5,819.0
1783419000,4144.8,4148.4,4143.3,4148.0,921.0
1783419600,4147.8,4150.4,4145.8,4149.1,836.0
1783420200,4148.9,4149.1,4146.2,4148.0,724.0
1783420800,4148.2,4148.9,4145.0,4145.0,643.0
1783421400,4145.1,4148.6,4145.0,4147.1,733.0
1783422000,4147.1,4147.7,4143.0,4143.6,887.0
1783422600,4143.6,4154.5,4143.0,4152.2,1802.0
1783423200,4152.0,4157.0,4151.0,4154.3,1528.0
1783423800,4154.1,4159.2,4150.8,4156.6,1819.0
1783424400,4156.7,4163.3,4156.2,4161.4,2302.0
1783425000,4161.3,4170.0,4158.6,4168.8,2552.0
1783425600,4168.7,4183.2,4166.0,4181.3,5355.0
1783426200,4181.3,4187.1,4177.5,4180.6,5168.0
1783426800,4180.7,4182.3,4174.4,4177.5,3715.0
1783427400,4177.7,4179.8,4173.5,4177.9,3181.0
1783428000,4178.0,4180.5,4173.2,4176.9,2972.0
1783428600,4177.1,4184.6,4177.1,4183.7,2082.0
1783429200,4184.0,4190.4,4172.7,4173.8,6396.0
1783429800,4173.9,4183.5,4171.1,4180.3,3537.0
1783430400,4180.0,4183.9,4175.4,4177.6,2876.0
1783431000,4177.5,4192.0,4174.6,4182.0,5447.0
1783431600,4182.0,4192.6,4180.0,4184.9,5616.0
1783432200,4184.6,4186.0,4167.1,4170.0,6126.0
1783432800,4169.8,4175.0,4162.7,4166.9,5997.0
1783433400,4166.9,4170.9,4161.9,4169.6,3855.0
1783434000,4169.6,4170.2,4161.3,4169.1,3056.0
1783434600,4169.5,4170.7,4157.5,4160.6,4162.0
1783435200,4160.4,4168.8,4154.3,4167.0,4099.0
1783435800,4167.5,4168.8,4164.4,4165.0,1786.0
1783436400,4165.0,4166.7,4160.5,4164.3,2472.0
1783437000,4164.1,4166.6,4152.5,4155.8,2796.0
1783437600,4155.9,4157.8,4152.7,4154.1,1927.0
1783438200,4154.0,4157.2,4153.1,4156.4,1369.0
1783438800,4156.4,4159.3,4152.9,4152.9,1578.0
1783439400,4152.8,4154.4,4146.6,4150.2,2689.0
1783440000,4150.4,4154.9,4148.2,4151.6,1547.0
1783440600,4151.3,4156.2,4150.6,4155.4,955.0
1783441200,4155.5,4158.7,4153.8,4157.6,1489.0
1783441800,4157.4,4158.2,4153.9,4155.9,1259.0
1783442400,4155.8,4156.8,4152.2,4156.2,1232.0
1783443000,4156.0,4158.3,4154.5,4156.7,967.0
1783443600,4156.5,4158.5,4155.5,4157.2,848.0
1783444200,4157.0,4157.1,4151.6,4154.3,1155.0
1783444800,4154.6,4158.2,4153.1,4157.6,1445.0
1783445400,4157.7,4159.9,4156.0,4157.9,1281.0
1783446000,4157.3,4159.4,4156.6,4156.8,519.0
1783446600,4156.6,4156.7,4154.0,4156.1,585.0
1783447200,4156.2,4156.7,4152.6,4153.0,741.0
1783447800,4153.1,4154.1,4151.1,4153.0,859.0
1783448400,4153.0,4155.7,4152.2,4153.1,711.0
1783449000,4152.9,4154.0,4147.2,4152.8,1691.0
1783449600,4152.9,4154.2,4143.0,4146.7,1715.0
1783450200,4146.5,4147.7,4136.0,4137.9,3931.0
1783450800,4137.9,4138.8,4118.7,4122.0,5697.0
1783451400,4122.0,4122.4,4102.4,4109.3,7330.0
1783452000,4109.2,4117.9,4104.1,4114.4,4149.0
1783452600,4114.6,4126.1,4114.6,4121.6,2849.0
1783453200,4121.6,4124.6,4118.8,4123.2,2100.0
1783453800,4123.2,4128.8,4121.4,4125.0,2954.0
1783454400,4125.2,4126.8,4123.7,4125.0,867.0
1783455000,4124.9,4126.7,4118.2,4119.9,1287.0
1783455600,4120.0,4121.9,4117.3,4121.4,785.0
1783456200,4121.5,4122.2,4115.4,4115.7,922.0
1783456800,4115.6,4118.1,4115.5,4116.2,736.0
1783457400,4116.3,4117.9,4114.2,4116.6,918.0
1783461600,4110.0,4117.1,4104.1,4112.0,2566.0
1783462200,4111.8,4115.3,4111.1,4113.7,856.0
1783462800,4113.6,4114.2,4110.1,4110.4,610.0
1783463400,4110.3,4113.5,4109.5,4113.3,874.0
1783464000,4113.2,4113.4,4107.8,4109.0,996.0
1783464600,4108.8,4111.3,4106.4,4109.4,1429.0
1783465200,4109.1,4117.9,4107.2,4116.6,2202.0
1783465800,4116.3,4119.3,4112.1,4113.2,2067.0
1783466400,4113.2,4117.5,4111.8,4115.6,1244.0
1783467000,4115.8,4116.4,4111.2,4112.9,945.0
1783467600,4112.7,4114.6,4106.2,4108.5,2130.0
1783468200,4108.5,4112.0,4106.3,4108.7,1132.0
1783468800,4108.8,4113.6,4106.9,4110.1,1900.0
1783469400,4110.4,4114.6,4109.1,4113.3,1767.0
1783470000,4114.0,4118.8,4111.0,4116.2,1862.0
1783470600,4116.0,4133.7,4114.4,4133.6,3829.0
1783471200,4133.3,4137.3,4130.7,4132.9,3174.0
1783471800,4132.6,4133.0,4122.1,4122.6,2819.0
1783472400,4122.5,4129.3,4109.5,4115.1,6998.0
1783473000,4114.9,4122.7,4114.7,4118.1,3120.0
1783473600,4118.0,4121.5,4112.8,4113.8,1896.0
1783474200,4113.7,4116.8,4106.8,4111.0,2917.0
1783474800,4111.1,4123.6,4109.7,4120.8,3436.0
1783475400,4121.0,4123.8,4114.9,4122.0,2298.0
1783476000,4122.5,4128.3,4116.6,4127.7,2886.0
1783476600,4127.8,4129.3,4122.8,4126.1,1739.0
1783477200,4125.8,4135.5,4124.5,4129.4,2560.0
1783477800,4129.4,4131.8,4126.8,4130.9,1594.0
1783478400,4130.7,4131.6,4126.6,4127.5,1042.0
1783479000,4127.4,4128.4,4124.1,4125.2,1046.0
1783479600,4125.5,4140.7,4125.2,4137.7,3516.0
1783480200,4137.5,4142.6,4135.7,4137.9,1997.0
1783480800,4138.0,4142.1,4137.1,4141.1,1294.0
1783481400,4141.0,4142.3,4136.6,4137.8,1301.0
1783482000,4137.9,4140.3,4136.5,4139.7,701.0
1783482600,4139.5,4139.9,4133.3,4134.3,1546.0
1783483200,4134.3,4139.6,4132.4,4139.6,1388.0
1783483800,4139.3,4139.3,4131.3,4133.8,1679.0
1783484400,4133.5,4137.9,4132.3,4136.7,1227.0
1783485000,4136.6,4139.2,4135.3,4135.9,1180.0
1783485600,4136.1,4137.7,4132.7,4135.4,956.0
1783486200,4135.4,4137.5,4133.9,4135.7,577.0
1783486800,4135.9,4144.6,4135.5,4139.3,1878.0
1783487400,4139.1,4140.4,4135.7,4138.0,1182.0
1783488000,4137.8,4138.4,4132.0,4132.1,1338.0
1783488600,4132.2,4140.8,4131.1,4138.2,1987.0
1783489200,4138.1,4142.5,4135.8,4135.8,1214.0
1783489800,4135.8,4140.1,4135.2,4138.5,847.0
1783490400,4138.6,4139.9,4132.7,4136.4,1183.0
1783491000,4136.1,4143.5,4135.0,4140.7,2025.0
1783491600,4140.7,4146.4,4139.5,4140.9,1444.0
1783492200,4140.4,4140.8,4135.3,4137.0,1330.0
1783492800,4137.1,4139.1,4134.8,4135.8,1392.0
1783493400,4135.6,4137.6,4134.0,4134.2,817.0
1783494000,4134.5,4135.9,4128.5,4131.1,1936.0
1783494600,4131.2,4131.5,4125.7,4127.0,1383.0
1783495200,4127.0,4132.8,4125.5,4131.6,1459.0
1783495800,4131.6,4137.7,4129.1,4130.9,1797.0
1783496400,4131.3,4138.8,4131.3,4135.6,1443.0
1783497000,4135.5,4136.5,4130.2,4132.1,1064.0
1783497600,4132.1,4132.3,4127.5,4131.0,1324.0
1783498200,4130.5,4132.6,4091.3,4099.1,9961.0
1783498800,4099.5,4108.3,4090.8,4099.1,7065.0
1783499400,4099.2,4102.6,4077.4,4077.8,7104.0
1783500000,4077.9,4087.0,4071.6,4077.4,6928.0
1783500600,4077.3,4080.0,4062.1,4066.8,5768.0
1783501200,4066.6,4067.5,4060.0,4062.1,3629.0
1783501800,4062.0,4071.7,4061.1,4069.3,3365.0
1783502400,4069.1,4071.0,4064.6,4066.8,2236.0
1783503000,4066.7,4069.3,4061.1,4063.8,2542.0
1783503600,4063.6,4064.7,4054.8,4060.6,3381.0
1783504200,4060.5,4060.5,4051.6,4053.4,2467.0
1783504800,4053.5,4058.8,4050.1,4051.9,2230.0
1783505400,4052.1,4060.9,4051.4,4060.9,1907.0
1783506000,4060.7,4065.9,4059.1,4061.0,2518.0
1783506600,4060.8,4067.1,4060.1,4065.1,1799.0
1783507200,4065.1,4068.9,4063.0,4065.9,2013.0
1783507800,4066.0,4067.8,4063.1,4063.2,1218.0
1783508400,4062.9,4067.3,4058.7,4059.5,2085.0
1783509000,4059.6,4064.5,4058.0,4062.3,1446.0
1783509600,4062.0,4064.2,4057.6,4060.5,1370.0
1783510200,4060.1,4061.2,4051.4,4052.4,2019.0
1783510800,4052.9,4082.7,4052.5,4072.0,7373.0
1783511400,4071.9,4074.7,4068.6,4072.3,2819.0
1783512000,4072.1,4079.8,4068.6,4079.4,3355.0
1783512600,4079.1,4088.1,4078.3,4085.2,3612.0
1783513200,4085.3,4086.7,4075.5,4080.9,2856.0
1783513800,4080.7,4084.2,4078.0,4083.3,2619.0
1783514400,4082.9,4093.6,4081.5,4092.7,4012.0
1783515000,4092.8,4097.0,4081.0,4082.8,5380.0
1783515600,4082.8,4093.8,4080.5,4084.8,5089.0
1783516200,4084.8,4087.0,4080.5,4082.9,2992.0
1783516800,4082.9,4086.9,4076.0,4077.5,3288.0
1783517400,4077.6,4091.4,4077.5,4090.3,4670.0
1783518000,4090.2,4091.1,4080.2,4080.4,3214.0
1783518600,4080.2,4084.6,4079.0,4081.7,2758.0
1783519200,4081.5,4082.2,4071.1,4074.6,5145.0
1783519800,4074.3,4075.8,4062.1,4065.6,5314.0
1783520400,4065.6,4076.6,4063.5,4071.1,3858.0
1783521000,4071.0,4072.5,4053.0,4054.0,5391.0
1783521600,4054.2,4060.4,4043.1,4046.1,7915.0
1783522200,4046.0,4057.0,4045.0,4051.6,3551.0
1783522800,4052.1,4054.6,4046.1,4050.5,2873.0
1783523400,4050.5,4053.2,4037.7,4042.5,5979.0
1783524000,4042.4,4046.8,4036.8,4041.6,3486.0
1783524600,4041.4,4043.0,4032.3,4039.7,4121.0
1783525200,4039.5,4044.7,4039.1,4044.1,2862.0
1783525800,4043.8,4048.5,4040.7,4044.5,2836.0
1783526400,4044.5,4051.0,4043.4,4050.0,2279.0
1783527000,4049.7,4053.8,4047.8,4051.2,2426.0
1783527600,4051.2,4055.5,4048.0,4053.6,1863.0
1783528200,4053.5,4058.0,4049.3,4055.0,3161.0
1783528800,4054.8,4069.3,4053.0,4068.0,4399.0
1783529400,4068.1,4074.6,4067.1,4073.8,2978.0
1783530000,4073.8,4079.1,4069.6,4075.4,2997.0
1783530600,4075.3,4080.5,4073.4,4076.1,2386.0
1783531200,4076.2,4084.5,4075.4,4083.4,3486.0
1783531800,4083.5,4086.9,4080.1,4081.0,2172.0
1783532400,4081.3,4081.9,4077.5,4078.3,1618.0
1783533000,4078.4,4080.4,4074.7,4076.3,1416.0
1783533600,4075.8,4085.9,4073.7,4078.6,3567.0
1783534200,4078.5,4086.4,4077.4,4082.4,2036.0
1783534800,4082.2,4083.0,4078.0,4080.1,1301.0
1783535400,4080.4,4086.1,4077.7,4085.6,1448.0
1783536000,4085.6,4102.0,4085.2,4100.8,4314.0
1783536600,4100.5,4101.5,4092.3,4094.4,2216.0
1783537200,4094.5,4101.1,4094.5,4099.5,1857.0
1783537800,4099.3,4100.4,4094.6,4096.6,1275.0
1783538400,4096.7,4098.8,4095.1,4098.3,791.0
1783539000,4098.3,4101.4,4096.1,4097.3,1411.0
1783539600,4097.2,4097.6,4088.5,4089.2,2126.0
1783540200,4089.2,4093.6,4088.8,4090.3,1602.0
1783540800,4090.5,4093.8,4086.1,4091.3,1286.0
1783541400,4090.9,4091.6,4085.7,4086.3,801.0
1783542000,4086.3,4086.9,4084.0,4086.9,800.0
1783542600,4086.9,4088.6,4081.3,4084.1,1030.0
1783543200,4084.1,4086.2,4083.8,4085.4,542.0
1783543800,4085.3,4090.0,4084.9,4086.2,877.0
1783548000,4088.5,4089.1,4081.6,4086.8,1448.0
1783548600,4086.6,4088.7,4085.0,4085.6,617.0
1783549200,4085.4,4085.6,4082.8,4083.9,726.0
1783549800,4083.7,4087.6,4082.9,4086.8,948.0
1783550400,4086.9,4089.0,4085.5,4088.6,942.0
1783551000,4088.6,4089.6,4085.7,4086.2,493.0
1783551600,4086.2,4086.9,4083.4,4086.6,670.0
1783552200,4086.8,4087.2,4085.0,4085.2,339.0
1783552800,4085.2,4087.5,4084.8,4087.2,290.0
1783553400,4087.1,4087.1,4084.2,4085.8,446.0
1783554000,4086.0,4086.6,4081.3,4082.3,1443.0
1783554600,4082.2,4087.6,4081.8,4086.0,987.0
1783555200,4086.3,4092.6,4086.1,4087.0,2558.0
1783555800,4087.3,4099.3,4087.1,4092.9,2635.0
1783556400,4093.1,4094.7,4083.0,4087.7,2695.0
1783557000,4087.9,4091.2,4085.6,4088.5,2177.0
1783557600,4088.6,4089.5,4084.3,4087.0,893.0
1783558200,4087.0,4087.3,4078.6,4082.9,2337.0
1783558800,4082.8,4088.6,4072.8,4082.4,4708.0
1783559400,4082.6,4086.0,4081.2,4083.5,2108.0
1783560000,4083.7,4085.3,4075.8,4075.8,1899.0
1783560600,4076.2,4083.2,4071.2,4081.3,3169.0
1783561200,4081.2,4085.2,4079.4,4082.6,1455.0
1783561800,4082.7,4083.4,4077.5,4081.6,1715.0
1783562400,4081.9,4085.4,4080.9,4084.5,1469.0
1783563000,4084.3,4090.9,4084.3,4089.5,1814.0
1783563600,4089.4,4091.8,4086.7,4089.4,1731.0
1783564200,4089.4,4091.0,4079.2,4082.1,2137.0
1783564800,4082.1,4083.4,4077.1,4078.1,1336.0
1783565400,4077.8,4078.0,4072.9,4073.5,1919.0
1783566000,4073.4,4076.4,4068.2,4069.5,2078.0
1783566600,4069.4,4070.0,4063.3,4064.7,2642.0
1783567200,4064.7,4070.4,4063.3,4067.2,1791.0
1783567800,4066.9,4072.8,4065.4,4069.5,1560.0
1783568400,4069.7,4072.2,4068.3,4070.5,731.0
1783569000,4070.5,4073.4,4070.3,4073.3,733.0
1783569600,4073.6,4074.0,4067.9,4071.0,1052.0
1783570200,4071.3,4073.1,4066.2,4067.2,1181.0
1783570800,4067.1,4070.4,4067.0,4067.5,781.0
1783571400,4067.7,4073.8,4067.7,4073.0,1182.0
1783572000,4073.1,4073.2,4065.9,4070.6,1375.0
1783572600,4070.6,4073.8,4068.9,4073.6,956.0
1783573200,4073.7,4081.1,4072.9,4077.5,2500.0
1783573800,4077.6,4085.6,4077.3,4077.3,2765.0
1783574400,4077.4,4081.8,4075.9,4081.5,977.0
1783575000,4081.7,4086.4,4073.8,4085.0,2594.0
1783575600,4085.3,4089.3,4083.0,4089.0,1584.0
1783576200,4089.2,4093.9,4087.9,4091.6,2059.0
1783576800,4091.6,4109.2,4090.9,4098.7,5012.0
1783577400,4098.6,4105.4,4097.6,4103.6,1588.0
1783578000,4103.7,4113.0,4102.7,4112.0,3311.0
1783578600,4112.0,4116.8,4108.0,4108.1,2881.0
1783579200,4108.1,4115.1,4105.6,4112.8,2433.0
1783579800,4112.7,4117.7,4112.4,4117.5,1485.0
1783580400,4117.4,4119.8,4112.9,4115.4,2179.0
1783581000,4115.3,4116.3,4111.1,4114.4,1324.0
1783581600,4114.4,4119.6,4112.8,4118.6,1408.0
1783582200,4118.6,4119.2,4113.4,4118.1,1388.0
1783582800,4118.2,4120.9,4115.9,4120.4,1416.0
1783583400,4120.5,4120.9,4114.3,4117.9,1189.0
1783584000,4117.8,4120.5,4115.0,4119.3,1359.0
1783584600,4119.3,4122.8,4115.1,4118.5,1599.0
1783585200,4118.9,4127.4,4118.9,4124.1,2115.0
1783585800,4124.0,4126.3,4119.2,4123.9,1274.0
1783586400,4123.8,4124.6,4116.9,4119.1,1238.0
1783587000,4119.1,4120.1,4117.0,4117.6,778.0
1783587600,4117.7,4119.0,4114.8,4116.0,988.0
1783588200,4116.0,4121.0,4115.5,4119.2,1013.0
1783588800,4119.2,4121.6,4116.5,4117.6,1003.0
1783589400,4117.6,4119.4,4114.0,4115.5,1419.0
1783590000,4115.6,4115.7,4112.3,4114.7,1043.0
1783590600,4114.9,4116.8,4113.3,4115.7,861.0
1783591200,4115.7,4119.4,4113.4,4116.2,1086.0
1783591800,4116.3,4117.3,4114.1,4114.3,598.0
1783592400,4114.4,4115.2,4113.3,4113.7,556.0
1783593000,4113.4,4114.8,4111.0,4114.0,1008.0
1783593600,4113.8,4113.8,4108.7,4110.1,1544.0
1783594200,4109.9,4110.3,4102.7,4108.1,2415.0
1783594800,4108.2,4113.0,4106.7,4111.7,1507.0
1783595400,4111.9,4116.5,4110.9,4114.3,1344.0
1783596000,4114.3,4114.7,4108.5,4109.8,1204.0
1783596600,4109.7,4115.0,4108.3,4115.0,1225.0
1783597200,4114.7,4119.1,4114.3,4115.9,2083.0
1783597800,4115.9,4120.4,4114.4,4118.6,1196.0
1783598400,4118.5,4130.0,4115.4,4125.2,3648.0
1783599000,4125.5,4127.0,4117.1,4117.8,2494.0
1783599600,4117.7,4119.2,4114.4,4116.9,2509.0
1783600200,4116.6,4131.5,4116.3,4130.7,5095.0
1783600800,4130.8,4132.5,4120.3,4122.1,3317.0
1783601400,4122.4,4124.7,4117.1,4117.4,2147.0
1783602000,4117.4,4127.4,4116.1,4126.0,3176.0
1783602600,4126.5,4136.9,4125.7,4130.2,4138.0
1783603200,4130.4,4137.3,4128.2,4135.6,2686.0
1783603800,4136.0,4139.6,4129.1,4135.0,4558.0
1783604400,4135.0,4139.7,4131.3,4133.6,3350.0
1783605000,4133.7,4136.8,4127.4,4131.5,3479.0
1783605600,4131.4,4147.9,4131.3,4136.2,7978.0
1783606200,4136.1,4136.9,4125.4,4127.2,5102.0
1783606800,4127.2,4135.5,4123.6,4134.7,4294.0
1783607400,4134.8,4137.1,4130.4,4132.8,2769.0
1783608000,4132.8,4135.1,4128.6,4129.3,1814.0
1783608600,4129.2,4138.0,4127.6,4137.6,2297.0
1783609200,4137.6,4140.9,4134.9,4136.7,2206.0
1783609800,4136.6,4137.7,4134.3,4137.2,1724.0
1783610400,4137.1,4140.6,4134.6,4137.9,1588.0
1783611000,4137.9,4140.5,4136.1,4140.5,1234.0
1783611600,4140.3,4142.7,4138.4,4139.3,1509.0
1783612200,4139.1,4142.0,4136.1,4136.5,1245.0
1783612800,4136.7,4139.6,4135.5,4138.7,1125.0
1783613400,4138.8,4143.4,4137.5,4139.5,1886.0
1783614000,4139.7,4142.8,4138.7,4142.8,1066.0
1783614600,4142.4,4148.8,4141.4,4142.5,3024.0
1783615200,4142.6,4144.3,4140.7,4140.8,1050.0
1783615800,4141.2,4143.6,4137.6,4137.6,1315.0
1783616400,4137.7,4138.6,4135.8,4137.3,1448.0
1783617000,4137.3,4138.0,4134.4,4136.4,1138.0
1783617600,4136.3,4141.9,4135.2,4141.5,2044.0
1783618200,4141.4,4144.4,4139.0,4143.1,1871.0
1783618800,4143.2,4148.2,4141.6,4146.0,1765.0
1783619400,4146.1,4147.4,4144.0,4146.2,1167.0
1783620000,4146.2,4146.3,4139.6,4140.3,1355.0
1783620600,4140.5,4140.5,4136.4,4136.9,1346.0
1783621200,4137.1,4137.1,4132.7,4133.8,1303.0
1783621800,4133.8,4135.0,4131.1,4132.3,1450.0
1783622400,4132.1,4135.3,4132.0,4134.1,1114.0
1783623000,4134.1,4135.0,4132.1,4134.4,641.0
1783623600,4134.2,4137.1,4133.0,4133.1,999.0
1783624200,4133.1,4135.1,4132.6,4133.4,538.0
1783624800,4133.5,4134.0,4130.1,4130.7,929.0
1783625400,4130.6,4132.6,4129.3,4130.2,1093.0
1783626000,4130.2,4132.1,4127.9,4131.9,860.0
1783626600,4131.8,4133.3,4130.3,4132.1,1076.0
1783627200,4132.0,4134.0,4131.0,4131.6,752.0
1783627800,4131.7,4131.9,4130.4,4131.7,325.0
1783628400,4131.6,4132.2,4130.0,4130.7,318.0
1783629000,4130.5,4135.2,4130.1,4133.4,720.0
1783629600,4133.2,4134.3,4132.0,4133.2,631.0
1783630200,4132.9,4134.0,4132.5,4132.7,559.0
1783634400,4134.6,4136.6,4131.7,4131.8,1083.0
1783635000,4131.8,4133.9,4131.0,4132.2,598.0
1783635600,4132.3,4133.5,4131.6,4132.3,475.0
1783636200,4132.2,4133.8,4131.4,4133.2,584.0
1783636800,4132.9,4133.2,4130.9,4131.6,513.0
1783637400,4131.4,4132.7,4130.3,4130.8,614.0
1783638000,4130.9,4133.8,4130.1,4133.6,568.0
1783638600,4133.3,4133.8,4132.2,4133.5,302.0
1783639200,4133.5,4134.4,4130.4,4131.2,909.0
1783639800,4131.4,4132.4,4129.5,4132.1,476.0
1783640400,4132.0,4133.7,4130.6,4133.4,501.0
1783641000,4133.3,4133.9,4131.9,4132.8,408.0
1783641600,4132.7,4134.9,4128.6,4132.1,1648.0
1783642200,4132.5,4133.1,4129.9,4130.0,702.0
1783642800,4130.2,4131.6,4125.8,4128.6,1695.0
1783643400,4128.8,4129.0,4123.2,4128.3,2010.0
1783644000,4128.3,4135.5,4127.2,4133.7,2097.0
1783644600,4133.6,4138.4,4130.2,4135.9,2386.0
1783645200,4135.9,4140.7,4128.0,4134.7,4486.0
1783645800,4134.9,4137.3,4131.0,4135.8,1809.0
1783646400,4135.8,4135.8,4129.7,4131.1,1273.0
1783647000,4131.2,4133.2,4118.3,4122.2,3224.0
1783647600,4122.1,4124.3,4118.4,4122.7,2970.0
1783648200,4122.9,4131.0,4122.4,4126.3,2155.0
1783648800,4126.9,4136.6,4125.7,4134.5,2059.0
1783649400,4134.6,4138.7,4133.4,4137.0,2167.0
1783650000,4137.2,4137.5,4131.2,4135.4,1324.0
1783650600,4135.4,4138.3,4131.4,4133.6,1380.0
1783651200,4133.5,4136.0,4132.5,4135.4,822.0
1783651800,4135.6,4139.0,4135.0,4137.4,1281.0
1783652400,4137.4,4144.8,4137.0,4141.5,3004.0
1783653000,4141.6,4141.6,4135.3,4135.6,1751.0
1783653600,4135.9,4136.2,4130.3,4134.9,2038.0
1783654200,4134.7,4137.5,4132.3,4132.6,1635.0
1783654800,4132.7,4133.1,4130.1,4130.4,869.0
1783655400,4130.8,4131.5,4128.5,4129.5,977.0
1783656000,4129.5,4130.1,4127.0,4127.3,909.0
1783656600,4127.4,4130.6,4126.1,4129.2,1002.0
1783657200,4129.0,4129.8,4121.1,4126.3,2400.0
1783657800,4126.2,4128.6,4125.5,4128.4,735.0
1783658400,4128.5,4128.6,4125.6,4126.0,635.0
1783659000,4126.0,4126.8,4123.6,4124.0,662.0
1783659600,4124.0,4125.3,4122.2,4122.9,764.0
1783660200,4122.9,4126.1,4121.7,4125.9,783.0
1783660800,4125.5,4125.8,4121.7,4122.8,978.0
1783661400,4122.7,4124.1,4117.6,4118.0,2264.0
1783662000,4118.0,4123.1,4116.8,4120.8,1555.0
1783662600,4120.8,4126.1,4120.7,4125.6,1081.0
1783663200,4125.6,4128.2,4124.3,4126.8,1628.0
1783663800,4126.8,4129.0,4122.3,4128.8,1202.0
1783664400,4128.6,4128.6,4123.2,4123.5,1022.0
1783665000,4123.6,4125.2,4121.3,4124.4,1034.0
1783665600,4124.5,4124.5,4119.7,4121.8,1245.0
1783666200,4122.1,4123.2,4120.3,4120.3,572.0
1783666800,4120.4,4122.5,4118.2,4120.3,1042.0
1783667400,4120.1,4123.2,4117.2,4123.1,1502.0
1783668000,4123.2,4124.4,4120.8,4121.5,830.0
1783668600,4121.7,4123.5,4119.4,4120.6,720.0
1783669200,4120.5,4120.5,4112.6,4113.9,1975.0
1783669800,4113.8,4118.8,4113.5,4117.7,1212.0
1783670400,4117.6,4118.4,4112.8,4115.7,1249.0
1783671000,4115.9,4117.3,4114.2,4116.3,612.0
1783671600,4116.3,4117.7,4111.5,4113.0,1121.0
1783672200,4113.0,4114.5,4108.1,4111.5,1573.0
1783672800,4111.4,4111.5,4103.5,4104.5,1925.0
1783673400,4104.7,4107.4,4104.2,4106.6,1304.0
1783674000,4106.3,4109.2,4103.0,4108.0,1435.0
1783674600,4107.9,4111.6,4105.6,4110.5,1188.0
1783675200,4110.5,4112.9,4108.8,4111.7,1377.0
1783675800,4111.5,4111.9,4107.6,4110.4,1026.0
1783676400,4110.5,4113.5,4110.2,4112.6,633.0
1783677000,4112.6,4114.6,4111.3,4113.5,760.0
1783677600,4113.5,4117.6,4113.2,4115.2,1098.0
1783678200,4115.2,4117.1,4114.9,4116.2,738.0
1783678800,4116.3,4121.9,4115.9,4118.5,1580.0
1783679400,4118.7,4119.6,4115.4,4117.1,812.0
1783680000,4117.3,4118.3,4116.0,4116.3,648.0
1783680600,4116.4,4117.9,4112.6,4113.3,880.0
1783681200,4113.2,4117.1,4113.2,4114.4,836.0
1783681800,4114.8,4116.9,4114.6,4116.4,583.0
1783682400,4116.2,4117.2,4108.7,4108.9,1392.0
1783683000,4109.0,4112.2,4104.7,4106.4,1728.0
1783683600,4106.7,4116.8,4106.6,4114.5,1609.0
1783684200,4114.5,4117.0,4110.7,4110.9,1202.0
1783684800,4111.2,4113.1,4109.6,4112.9,1074.0
1783685400,4112.9,4127.0,4111.3,4117.9,4778.0
1783686000,4117.5,4119.5,4111.4,4114.5,2062.0
1783686600,4115.0,4115.8,4106.0,4110.1,2980.0
1783687200,4110.2,4111.8,4106.3,4110.3,2036.0
1783687800,4110.4,4113.6,4107.6,4109.5,1838.0
1783688400,4109.5,4114.8,4107.4,4114.6,2527.0
1783689000,4114.0,4115.6,4109.0,4110.8,1710.0
1783689600,4111.0,4111.7,4094.0,4095.6,5953.0
1783690200,4095.9,4106.0,4095.2,4106.0,5156.0
1783690800,4105.8,4111.3,4103.9,4109.8,3883.0
1783691400,4109.9,4114.2,4106.4,4108.6,2992.0
1783692000,4108.5,4111.9,4105.8,4109.2,2879.0
1783692600,4109.0,4114.5,4106.2,4113.1,2735.0
1783693200,4113.2,4118.7,4109.4,4114.4,3539.0
1783693800,4114.5,4116.8,4081.3,4104.6,11801.0
1783694400,4104.7,4116.9,4104.2,4116.6,3921.0
1783695000,4116.8,4116.8,4100.5,4101.8,3475.0
1783695600,4102.1,4109.5,4100.2,4107.6,2741.0
1783696200,4107.6,4112.5,4105.9,4108.9,2173.0
1783696800,4108.8,4117.0,4107.8,4111.2,2704.0
1783697400,4111.3,4115.5,4110.4,4115.5,1549.0
1783698000,4115.2,4119.9,4112.7,4119.0,1698.0
1783698600,4119.3,4122.8,4117.4,4122.3,1994.0
1783699200,4122.5,4124.3,4118.3,4120.9,2203.0
1783699800,4120.8,4122.5,4116.9,4120.0,1834.0
1783700400,4120.1,4123.8,4116.3,4123.7,1812.0
1783701000,4123.5,4124.8,4121.1,4121.7,1338.0
1783701600,4121.6,4122.9,4116.7,4116.7,1541.0
1783702200,4116.9,4118.3,4113.4,4113.5,1397.0
1783702800,4113.4,4114.7,4111.3,4112.9,1688.0
1783703400,4112.9,4115.5,4111.8,4113.6,1104.0
1783704000,4113.6,4115.8,4112.8,4114.7,1416.0
1783704600,4114.5,4116.0,4112.4,4112.8,854.0
1783705200,4113.0,4114.5,4111.8,4112.1,592.0
1783705800,4112.1,4114.0,4109.2,4109.8,992.0
1783706400,4109.7,4112.9,4108.6,4112.3,1061.0
1783707000,4112.3,4114.3,4111.0,4112.1,1038.0
1783707600,4112.0,4114.8,4111.3,4111.9,820.0
1783708200,4112.0,4112.7,4107.9,4108.5,896.0
1783708800,4108.6,4109.5,4106.8,4109.0,944.0
1783709400,4108.9,4110.4,4108.2,4109.9,725.0
1783710000,4109.9,4111.1,4105.5,4110.0,1374.0
1783710600,4109.8,4111.5,4107.1,4111.5,739.0
1783711200,4111.5,4111.9,4110.1,4110.1,444.0
1783711800,4110.2,4111.4,4108.9,4110.9,642.0
1783712400,4110.6,4113.8,4110.3,4113.4,719.0
1783713000,4113.6,4117.3,4112.8,4116.8,1076.0
1783713600,4116.5,4123.3,4116.4,4119.8,1360.0
1783714200,4120.2,4121.0,4118.8,4120.2,527.0
1783714800,4120.5,4121.2,4119.2,4120.0,363.0
1783715400,4119.7,4120.6,4118.8,4120.0,371.0
1783716000,4120.0,4122.2,4119.4,4122.0,558.0
1783716600,4122.2,4129.4,4121.3,4128.6,1241.0
1783893600,4107.0,4111.6,4092.3,4098.0,4778.0
1783894200,4097.8,4102.0,4088.4,4093.5,3527.0
1783894800,4093.5,4095.6,4087.9,4092.2,1560.0
1783895400,4091.9,4094.6,4088.1,4090.1,1176.0
1783896000,4089.9,4090.2,4076.6,4086.4,2960.0
1783896600,4085.8,4088.8,4083.0,4084.5,1642.0
1783897200,4084.0,4084.6,4075.5,4079.1,2571.0
1783897800,4078.8,4080.5,4076.8,4077.7,1216.0
1783898400,4077.8,4083.3,4076.7,4082.7,1177.0
1783899000,4082.6,4085.3,4079.4,4085.3,1279.0
1783899600,4085.3,4087.3,4083.4,4086.7,1682.0
1783900200,4086.8,4093.1,4086.0,4092.8,2711.0
1783900800,4093.0,4099.0,4089.1,4097.0,3495.0
1783901400,4097.0,4099.7,4088.0,4090.4,2382.0
1783902000,4090.7,4091.9,4082.8,4082.8,2537.0
1783902600,4083.0,4083.8,4069.0,4077.5,4926.0
1783903200,4077.6,4085.4,4076.3,4077.8,3087.0
1783903800,4077.8,4086.2,4077.4,4082.4,2684.0
1783904400,4082.7,4089.9,4073.9,4086.3,4979.0
1783905000,4086.1,4090.9,4081.1,4081.9,2429.0
1783905600,4082.2,4088.7,4079.1,4087.7,2991.0
1783906200,4088.2,4098.3,4086.0,4096.1,3670.0
1783906800,4096.3,4096.4,4091.4,4094.5,1907.0
1783907400,4094.6,4096.8,4075.5,4080.2,4646.0
1783908000,4080.4,4082.5,4077.6,4081.4,2083.0
1783908600,4081.0,4083.4,4078.4,4081.6,1432.0
1783909200,4081.4,4082.2,4074.5,4075.3,2048.0
1783909800,4075.3,4085.7,4072.5,4083.6,3481.0
1783910400,4083.4,4083.4,4075.8,4077.3,1761.0
1783911000,4077.4,4080.4,4076.7,4076.8,1019.0
1783911600,4076.5,4077.3,4066.4,4069.4,3096.0
1783912200,4069.2,4069.6,4060.6,4067.3,3184.0
1783912800,4067.7,4070.4,4066.4,4069.9,1923.0
1783913400,4069.8,4070.2,4064.6,4067.6,1300.0
1783914000,4067.3,4068.6,4064.9,4067.7,827.0
1783914600,4067.8,4068.8,4066.1,4068.1,628.0
1783915200,4068.1,4068.1,4062.7,4064.0,1247.0
1783915800,4063.6,4065.7,4057.8,4065.1,2097.0
1783916400,4065.0,4065.7,4061.1,4063.1,1021.0
1783917000,4063.5,4065.5,4061.7,4064.3,786.0
1783917600,4064.4,4064.4,4060.3,4060.6,735.0
1783918200,4060.7,4067.0,4060.2,4066.3,1001.0
1783918800,4066.4,4078.9,4062.5,4078.3,3044.0
1783919400,4078.6,4080.8,4071.9,4073.5,2639.0
1783920000,4073.6,4074.4,4064.8,4065.8,1818.0
1783920600,4065.5,4073.5,4059.3,4071.0,3075.0
1783921200,4071.0,4073.1,4066.7,4070.5,1892.0
1783921800,4070.7,4072.5,4060.8,4062.0,1873.0
1783922400,4061.7,4064.5,4051.7,4060.7,4626.0
1783923000,4060.5,4062.0,4056.5,4061.5,1517.0
1783923600,4061.5,4069.1,4061.1,4068.8,1820.0
1783924200,4069.0,4071.5,4066.3,4070.5,1885.0
1783924800,4070.6,4071.0,4064.1,4064.3,1358.0
1783925400,4064.5,4065.6,4059.7,4063.1,1508.0
1783926000,4063.3,4068.2,4056.3,4066.1,2684.0
1783926600,4066.1,4069.3,4062.4,4065.7,1150.0
1783927200,4065.0,4067.1,4063.8,4066.7,641.0
1783927800,4066.5,4071.0,4063.7,4068.2,1348.0
1783928400,4068.2,4069.8,4064.7,4065.2,698.0
1783929000,4065.1,4073.2,4063.7,4072.9,1372.0
1783929600,4072.9,4079.7,4071.1,4079.5,2330.0
1783930200,4079.6,4086.7,4077.9,4083.3,2620.0
1783930800,4083.5,4089.2,4082.2,4082.6,2074.0
1783931400,4082.4,4084.1,4079.5,4083.1,1415.0
1783932000,4083.2,4084.9,4080.7,4084.7,921.0
1783932600,4084.9,4087.2,4082.6,4083.1,916.0
1783933200,4082.8,4084.8,4080.9,4082.2,734.0
1783933800,4082.0,4083.1,4079.9,4081.2,853.0
1783934400,4081.2,4085.0,4079.4,4081.0,885.0
1783935000,4080.8,4082.3,4077.7,4077.9,991.0
1783935600,4077.9,4082.1,4077.9,4081.1,617.0
1783936200,4081.1,4081.2,4076.0,4076.4,802.0
1783936800,4076.2,4078.7,4075.6,4077.4,771.0
1783937400,4077.3,4077.5,4074.0,4076.3,789.0
1783938000,4076.4,4076.8,4072.1,4073.2,818.0
1783938600,4073.0,4076.2,4072.7,4074.6,643.0
1783939200,4074.7,4074.8,4055.0,4062.3,4715.0
1783939800,4062.3,4069.5,4059.9,4068.5,1999.0
1783940400,4068.6,4075.9,4065.9,4072.9,2635.0
1783941000,4072.8,4073.5,4068.9,4069.3,1443.0
1783941600,4069.3,4071.7,4065.9,4070.5,1325.0
1783942200,4070.3,4076.6,4069.8,4071.9,1565.0
1783942800,4071.7,4075.2,4068.3,4070.9,1136.0
1783943400,4070.6,4071.2,4062.6,4064.3,1924.0
1783944000,4064.1,4068.5,4062.8,4064.0,1869.0
1783944600,4064.0,4068.9,4061.2,4066.9,2117.0
1783945200,4067.1,4071.7,4062.6,4066.7,2094.0
1783945800,4066.7,4071.4,4066.5,4068.6,1516.0
1783946400,4068.6,4074.5,4068.2,4073.4,1650.0
1783947000,4073.4,4075.3,4071.3,4075.3,1507.0
1783947600,4075.2,4075.6,4066.5,4071.4,2346.0
1783948200,4071.5,4071.5,4066.0,4068.5,1615.0
1783948800,4068.8,4073.8,4068.0,4069.9,1451.0
1783949400,4070.0,4071.7,4061.4,4062.0,3194.0
1783950000,4061.8,4066.6,4057.1,4058.1,3955.0
1783950600,4058.3,4060.6,4048.8,4050.6,6663.0
1783951200,4050.6,4054.6,4036.4,4045.2,8989.0
1783951800,4045.0,4047.3,4014.8,4028.9,14258.0
1783952400,4029.0,4036.1,4009.4,4024.1,11299.0
1783953000,4024.0,4024.6,4010.7,4015.0,6406.0
1783953600,4014.9,4016.6,4006.8,4013.3,5981.0
1783954200,4013.1,4022.5,4011.3,4022.3,4204.0
1783954800,4022.6,4025.0,4017.7,4021.2,3079.0
1783955400,4021.3,4026.6,4020.3,4026.3,2036.0
1783956000,4026.1,4027.7,4020.3,4023.5,2094.0
1783956600,4023.9,4025.1,4020.6,4022.8,1407.0
1783957200,4022.9,4023.4,4018.1,4021.0,1588.0
1783957800,4021.2,4023.4,4017.1,4023.2,1321.0
1783958400,4023.2,4025.5,4020.7,4022.6,1265.0
1783959000,4022.6,4023.7,4018.1,4019.2,1253.0
1783959600,4019.0,4020.1,4007.7,4011.2,2685.0
1783960200,4011.2,4012.1,3997.5,4003.7,7299.0
1783960800,4003.5,4009.9,4002.0,4005.7,2816.0
1783961400,4005.6,4006.0,3992.9,4000.4,4590.0
1783962000,4000.7,4006.4,3999.3,4005.4,2147.0
1783962600,4005.2,4008.9,4003.6,4008.5,1518.0
1783963200,4008.3,4009.3,4003.8,4006.4,2165.0
1783963800,4006.2,4008.3,4004.2,4005.1,1558.0
1783964400,4005.1,4007.0,4001.4,4003.1,1479.0
1783965000,4002.9,4003.7,3999.3,4000.4,1570.0
1783965600,4000.9,4002.5,3997.2,3999.0,1593.0
1783966200,3999.2,4001.5,3993.6,3995.3,2003.0
1783966800,3995.4,4004.2,3993.9,4002.2,1877.0
1783967400,4002.3,4007.5,4000.8,4005.8,1408.0
1783968000,4006.1,4009.3,4005.0,4009.3,1100.0
1783968600,4008.7,4012.5,4005.2,4008.5,2469.0
1783969200,4008.7,4012.1,4005.3,4007.8,1552.0
1783969800,4007.5,4007.5,4004.7,4006.3,898.0
1783970400,4006.3,4008.0,4003.9,4005.4,1128.0
1783971000,4005.3,4008.1,4000.4,4002.3,1506.0
1783971600,4002.6,4006.7,4002.1,4004.4,1139.0
1783972200,4004.3,4009.7,4004.2,4009.4,1565.0
1783972800,4009.4,4013.5,4008.2,4009.8,1270.0
1783973400,4009.7,4010.4,4002.5,4007.1,1364.0
1783974000,4006.7,4007.6,4005.3,4007.3,389.0
1783974600,4007.2,4007.7,4003.8,4006.4,629.0
1783975200,4006.4,4007.8,4005.6,4006.0,488.0
1783975800,4006.2,4009.5,4005.1,4008.7,658.0
1783980000,4008.7,4016.6,4007.5,4008.6,1243.0
1783980600,4008.4,4012.6,4008.4,4011.7,493.0
1783981200,4011.5,4011.9,4010.8,4011.0,320.0
1783981800,4010.9,4012.4,4009.6,4010.1,625.0
1783982400,4010.1,4012.3,4009.8,4010.6,523.0
1783983000,4010.4,4010.9,4007.2,4007.7,819.0
1783983600,4007.7,4009.9,4006.9,4008.3,730.0
1783984200,4008.4,4009.0,4005.4,4006.4,887.0
1783984800,4006.4,4007.3,4003.3,4004.6,1140.0
1783985400,4004.2,4004.3,4000.1,4002.7,1524.0
1783986000,4002.8,4006.3,3999.4,4004.2,1825.0
1783986600,4004.1,4009.2,4002.1,4008.0,1394.0
1783987200,4008.5,4011.9,3990.1,4001.9,6082.0
1783987800,4002.0,4005.9,3994.0,3994.4,2962.0
1783988400,3994.5,4003.9,3992.4,4002.2,2481.0
1783989000,4002.6,4014.4,4001.2,4010.2,3063.0
1783989600,4010.3,4014.1,4005.8,4009.6,2208.0
1783990200,4009.5,4014.4,4009.4,4011.2,1629.0
1783990800,4011.3,4011.3,3998.4,4001.7,4765.0
1783991400,4001.4,4011.5,3999.5,4010.1,2631.0
1783992000,4009.7,4010.3,4002.1,4004.4,1580.0
1783992600,4004.3,4010.8,3999.6,4004.1,1741.0
1783993200,4004.3,4010.5,4001.7,4009.5,1677.0
1783993800,4009.4,4018.9,4006.8,4017.3,2329.0
1783994400,4017.5,4020.2,4012.6,4018.5,2162.0
1783995000,4018.4,4025.9,4017.5,4024.4,3402.0
1783995600,4024.5,4025.0,4020.2,4024.3,1493.0
1783996200,4024.4,4025.8,4019.2,4020.7,1568.0
1783996800,4020.7,4023.2,4016.2,4016.8,1432.0
1783997400,4016.6,4020.9,4015.8,4019.2,895.0
1783998000,4019.0,4023.8,4018.4,4020.7,1507.0
1783998600,4020.8,4022.2,4018.4,4020.0,977.0
1783999200,4020.0,4025.4,4017.4,4024.4,1710.0
1783999800,4024.6,4025.8,4020.2,4021.8,1168.0
1784000400,4021.7,4023.6,4020.2,4022.5,693.0
1784001000,4021.9,4024.7,4021.0,4023.3,598.0
1784001600,4023.5,4025.3,4021.3,4021.5,683.0
1784002200,4021.8,4022.8,4019.8,4021.8,968.0
1784002800,4021.7,4024.0,4020.4,4022.3,507.0
1784003400,4022.3,4031.1,4022.3,4028.2,2025.0
1784004000,4028.4,4028.8,4024.4,4024.5,825.0
1784004600,4024.4,4027.9,4022.5,4026.9,995.0
1784005200,4027.0,4030.0,4026.4,4029.5,933.0
1784005800,4029.3,4030.6,4026.5,4028.1,745.0
1784006400,4027.7,4029.8,4026.6,4029.1,619.0
1784007000,4029.3,4037.8,4029.0,4034.4,3098.0
1784007600,4034.2,4040.7,4034.1,4037.2,1835.0
1784008200,4037.1,4038.6,4035.3,4037.7,947.0
1784008800,4037.6,4038.5,4034.7,4038.1,986.0
1784009400,4038.2,4039.5,4034.2,4034.6,1075.0
1784010000,4034.4,4035.2,4029.1,4029.3,1636.0
1784010600,4029.4,4033.0,4028.8,4030.3,1174.0
1784011200,4030.4,4032.7,4028.0,4030.7,1160.0
1784011800,4030.9,4034.2,4029.5,4030.5,822.0
1784012400,4030.6,4035.5,4026.8,4035.2,1618.0
1784013000,4035.2,4035.2,4030.7,4033.2,1069.0
1784013600,4033.6,4036.5,4032.5,4033.0,940.0
1784014200,4032.8,4036.0,4029.5,4033.2,1211.0
1784014800,4033.3,4033.3,4028.8,4030.5,809.0
