observation_date,DTWEXBGS
2010-12-01,91.6799
2010-12-02,91.2651
2010-12-03,90.8788
2010-12-06,91.0167
2010-12-07,90.9732
2010-12-08,91.3376
2010-12-09,91.3923
2010-12-10,91.2831
2010-12-13,90.8837
2010-12-14,90.7640
2010-12-15,91.0940
2010-12-16,91.3773
2010-12-17,91.5555
2010-12-20,91.6398
2010-12-21,91.5190
2010-12-22,91.4290
2010-12-23,91.3013
2010-12-24,
2010-12-27,91.1963
2010-12-28,90.9848
2010-12-29,90.7669
2010-12-30,90.5146
2010-12-31,
2011-01-03,89.9524
2011-01-04,90.3277
2011-01-05,90.5715
2011-01-06,90.9125
2011-01-07,91.0001
2011-01-10,91.0300
2011-01-11,90.8431
2011-01-12,90.4111
2011-01-13,89.9019
2011-01-14,90.0461
2011-01-17,
2011-01-18,89.8210
2011-01-19,89.6948
2011-01-20,90.1316
2011-01-21,89.7204
2011-01-24,89.5375
2011-01-25,89.7279
2011-01-26,89.5091
2011-01-27,89.5728
2011-01-28,89.8189
2011-01-31,89.6940
2011-02-01,89.1436
2011-02-02,89.0737
2011-02-03,89.2522
2011-02-04,89.3910
2011-02-07,89.3556
2011-02-08,89.1241
2011-02-09,89.4166
2011-02-10,89.6266
2011-02-11,89.8784
2011-02-14,89.8543
2011-02-15,89.8871
2011-02-16,89.7059
2011-02-17,89.4102
2011-02-18,89.1974
2011-02-21,
2011-02-22,89.4617
2011-02-23,89.4186
2011-02-24,89.2346
2011-02-25,89.1664
2011-02-28,88.9391
2011-03-01,88.8310
2011-03-02,88.7317
2011-03-03,88.6370
2011-03-04,88.4898
2011-03-07,88.5207
2011-03-08,88.6454
2011-03-09,88.5328
2011-03-10,88.8698
2011-03-11,88.6910
2011-03-14,88.5191
2011-03-15,88.7845
2011-03-16,88.9785
2011-03-17,88.6549
2011-03-18,88.5221
2011-03-21,88.2032
2011-03-22,88.0665
2011-03-23,88.3328
2011-03-24,88.0592
2011-03-25,88.1716
2011-03-28,88.3058
2011-03-29,88.3991
2011-03-30,88.2298
2011-03-31,88.0299
2011-04-01,87.7993
2011-04-04,87.8406
2011-04-05,87.7483
2011-04-06,87.4913
2011-04-07,87.5320
2011-04-08,87.1493
2011-04-11,87.0940
2011-04-12,87.2943
2011-04-13,87.2093
2011-04-14,87.0802
2011-04-15,87.0050
2011-04-18,87.5081
2011-04-19,87.0791
2011-04-20,86.5642
2011-04-21,86.2256
2011-04-22,86.3742
2011-04-25,86.4026
2011-04-26,86.2576
2011-04-27,86.2519
2011-04-28,85.8419
2011-04-29,85.5999
2011-05-02,85.5199
2011-05-03,85.6352
2011-05-04,85.8917
2011-05-05,86.5080
2011-05-06,86.4575
2011-05-09,86.8346
2011-05-10,86.6518
2011-05-11,86.7195
2011-05-12,87.0767
2011-05-13,87.4176
2011-05-16,87.3311
2011-05-17,87.6307
2011-05-18,87.2950
2011-05-19,87.2638
2011-05-20,87.3044
2011-05-23,87.8941
2011-05-24,87.6620
2011-05-25,87.6136
2011-05-26,87.5588
2011-05-27,86.9525
2011-05-30,
2011-05-31,86.6560
2011-06-01,86.5964
2011-06-02,86.8435
2011-06-03,86.4234
2011-06-06,86.4669
2011-06-07,86.3627
2011-06-08,86.5714
2011-06-09,86.5913
2011-06-10,87.0420
2011-06-13,87.0579
2011-06-14,86.6771
2011-06-15,87.3342
2011-06-16,87.6917
2011-06-17,87.2179
2011-06-20,87.1908
2011-06-21,86.8570
2011-06-22,86.8067
2011-06-23,87.4550
2011-06-24,87.5014
2011-06-27,87.5225
2011-06-28,87.2178
2011-06-29,86.8014
2011-06-30,86.4786
2011-07-01,86.3613
2011-07-04,
2011-07-05,86.4253
2011-07-06,86.6825
2011-07-07,86.4825
2011-07-08,86.6150
2011-07-11,87.1013
2011-07-12,87.1701
2011-07-13,86.5697
2011-07-14,86.5234
2011-07-15,86.5169
2011-07-18,86.9549
2011-07-19,86.4386
2011-07-20,86.2794
2011-07-21,85.8378
2011-07-22,85.8623
2011-07-25,85.8006
2011-07-26,85.4692
2011-07-27,85.7126
2011-07-28,85.8245
2011-07-29,85.7282
2011-08-01,86.0391
2011-08-02,86.0533
2011-08-03,86.0706
2011-08-04,86.9299
2011-08-05,87.1084
2011-08-08,87.1873
2011-08-09,87.3919
2011-08-10,87.3792
2011-08-11,87.3215
2011-08-12,87.1770
2011-08-15,86.7515
2011-08-16,86.7115
2011-08-17,86.5518
2011-08-18,87.1271
2011-08-19,86.8286
2011-08-22,87.0753
2011-08-23,86.9001
2011-08-24,87.1316
2011-08-25,87.2306
2011-08-26,87.0751
2011-08-29,86.8433
2011-08-30,87.0010
2011-08-31,86.7739
2011-09-01,86.8512
2011-09-02,87.1797
2011-09-05,
2011-09-06,88.1645
2011-09-07,87.9699
2011-09-08,88.1162
2011-09-09,88.9514
2011-09-12,89.2192
2011-09-13,89.2653
2011-09-14,89.4190
2011-09-15,89.0647
2011-09-16,89.1108
2011-09-19,89.9336
2011-09-20,89.8777
2011-09-21,90.3453
2011-09-22,92.0750
2011-09-23,91.6904
2011-09-26,91.7724
2011-09-27,90.8985
2011-09-28,91.0227
2011-09-29,91.3033
2011-09-30,91.9998
2011-10-03,92.5128
2011-10-04,92.9508
2011-10-05,92.3008
2011-10-06,91.9661
2011-10-07,91.2469
2011-10-10,
2011-10-11,90.9162
2011-10-12,90.3378
2011-10-13,90.6603
2011-10-14,90.2116
2011-10-17,90.2660
2011-10-18,90.5907
2011-10-19,90.3317
2011-10-20,91.1026
2011-10-21,90.2790
2011-10-24,89.8558
2011-10-25,89.9525
2011-10-26,90.0836
2011-10-27,88.7882
2011-10-28,88.6382
2011-10-31,89.2053
2011-11-01,90.7296
2011-11-02,90.2440
2011-11-03,90.2961
2011-11-04,90.3154
2011-11-07,90.3832
2011-11-08,90.1720
2011-11-09,90.6991
2011-11-10,90.8588
2011-11-11,
2011-11-14,90.7215
2011-11-15,91.1081
2011-11-16,91.1237
2011-11-17,91.1822
2011-11-18,91.3676
2011-11-21,91.9978
2011-11-22,92.0193
2011-11-23,92.7463
2011-11-24,
2011-11-25,93.1455
2011-11-28,92.4983
2011-11-29,92.2163
2011-11-30,91.4728
2011-12-01,91.2270
2011-12-02,91.3532
2011-12-05,91.1087
2011-12-06,91.2817
2011-12-07,91.2331
2011-12-08,91.6680
2011-12-09,91.6122
2011-12-12,92.3375
2011-12-13,92.5456
2011-12-14,93.2176
2011-12-15,92.8858
2011-12-16,92.8252
2011-12-19,92.8685
2011-12-20,92.4320
2011-12-21,92.5262
2011-12-22,92.3883
2011-12-23,92.3897
2011-12-26,
2011-12-27,92.4137
2011-12-28,92.8374
2011-12-29,92.7398
2011-12-30,92.4262
2012-01-02,
2012-01-03,91.7551
2012-01-04,92.0345
2012-01-05,92.5773
2012-01-06,92.7183
2012-01-09,92.7418
2012-01-10,92.2461
2012-01-11,92.5540
2012-01-12,92.2274
2012-01-13,92.5385
2012-01-16,
2012-01-17,92.0142
2012-01-18,91.6943
2012-01-19,91.3316
2012-01-20,91.3661
2012-01-23,90.9860
2012-01-24,91.1810
2012-01-25,91.2770
2012-01-26,90.3962
2012-01-27,90.2559
2012-01-30,90.4762
2012-01-31,90.5538
2012-02-01,90.0963
2012-02-02,89.8765
2012-02-03,89.8491
2012-02-06,89.7907
2012-02-07,89.5968
2012-02-08,89.6555
2012-02-09,89.6246
2012-02-10,90.1024
2012-02-13,89.8895
2012-02-14,90.1919
2012-02-15,90.1932
2012-02-16,90.3109
2012-02-17,90.2300
2012-02-20,
2012-02-21,90.0117
2012-02-22,90.2472
2012-02-23,90.1108
2012-02-24,89.9104
2012-02-27,89.9635
2012-02-28,89.8103
2012-02-29,89.7487
2012-03-01,89.7817
2012-03-02,90.1350
2012-03-05,90.2748
2012-03-06,90.8237
2012-03-07,90.6837
2012-03-08,90.2598
2012-03-09,90.4341
2012-03-12,90.6643
2012-03-13,90.5363
2012-03-14,90.9325
2012-03-15,90.7866
2012-03-16,90.5245
2012-03-19,90.2920
2012-03-20,90.6065
2012-03-21,90.6761
2012-03-22,90.8225
2012-03-23,90.6156
2012-03-26,90.3266
2012-03-27,90.2796
2012-03-28,90.6030
2012-03-29,90.7285
2012-03-30,90.4593
2012-04-02,90.2470
2012-04-03,90.1921
2012-04-04,90.8284
2012-04-05,90.8781
2012-04-06,90.9375
2012-04-09,90.9624
2012-04-10,91.2728
2012-04-11,91.1768
2012-04-12,90.7694
2012-04-13,91.0558
2012-04-16,91.2355
2012-04-17,90.7661
2012-04-18,90.9326
2012-04-19,91.0833
2012-04-20,90.8066
2012-04-23,91.0790
2012-04-24,90.8153
2012-04-25,90.7560
2012-04-26,90.6428
2012-04-27,90.3269
2012-04-30,90.3634
2012-05-01,90.3227
2012-05-02,90.6144
2012-05-03,90.6839
2012-05-04,91.0497
2012-05-07,91.0747
2012-05-08,91.4107
2012-05-09,91.7632
2012-05-10,91.7077
2012-05-11,91.7306
2012-05-14,92.2491
2012-05-15,92.5235
2012-05-16,92.9030
2012-05-17,92.9632
2012-05-18,93.1395
2012-05-21,93.0945
2012-05-22,93.1113
2012-05-23,93.8855
2012-05-24,93.8027
2012-05-25,93.9488
2012-05-28,
2012-05-29,93.8750
2012-05-30,94.3020
2012-05-31,94.6856
2012-06-01,94.6979
2012-06-04,94.5184
2012-06-05,94.6184
2012-06-06,94.0362
2012-06-07,93.7740
2012-06-08,94.2024
2012-06-11,94.0369
2012-06-12,94.0693
2012-06-13,93.8309
2012-06-14,93.8152
2012-06-15,93.5203
2012-06-18,93.6431
2012-06-19,93.0524
2012-06-20,93.1602
2012-06-21,93.6378
2012-06-22,93.9205
2012-06-25,94.1757
2012-06-26,93.9859
2012-06-27,93.8728
2012-06-28,94.0203
2012-06-29,92.9096
2012-07-02,92.9510
2012-07-03,92.6508
2012-07-04,
2012-07-05,93.2211
2012-07-06,93.7087
2012-07-09,93.6974
2012-07-10,93.5552
2012-07-11,93.5981
2012-07-12,93.9298
2012-07-13,93.5515
2012-07-16,93.3746
2012-07-17,93.3479
2012-07-18,93.0973
2012-07-19,93.0438
2012-07-20,93.3653
2012-07-23,93.9297
2012-07-24,94.2635
2012-07-25,94.0564
2012-07-26,93.3595
2012-07-27,92.9333
2012-07-30,93.0524
2012-07-31,92.8422
2012-08-01,92.8905
2012-08-02,93.4269
2012-08-03,92.6048
2012-08-06,92.4339
2012-08-07,92.5128
2012-08-08,92.5407
2012-08-09,92.6057
2012-08-10,92.5129
2012-08-13,92.5955
2012-08-14,92.6152
2012-08-15,92.6838
2012-08-16,92.5737
2012-08-17,92.7110
2012-08-20,92.6263
2012-08-21,92.3053
2012-08-22,92.4362
2012-08-23,92.1057
2012-08-24,92.2785
2012-08-27,92.3135
2012-08-28,92.2033
2012-08-29,92.3823
2012-08-30,92.6239
2012-08-31,92.1677
2012-09-03,
2012-09-04,92.1582
2012-09-05,92.1262
2012-09-06,91.8973
2012-09-07,91.3469
2012-09-10,91.3102
2012-09-11,91.0575
2012-09-12,91.0477
2012-09-13,90.9632
2012-09-14,90.1436
2012-09-17,90.2837
2012-09-18,90.5029
2012-09-19,90.4646
2012-09-20,90.7631
2012-09-21,90.5342
2012-09-24,90.8263
2012-09-25,90.6074
2012-09-26,91.0028
2012-09-27,90.7538
2012-09-28,90.8342
2012-10-01,90.7011
2012-10-02,90.6440
2012-10-03,90.8726
2012-10-04,90.4932
2012-10-05,90.2851
2012-10-08,
2012-10-09,90.8703
2012-10-10,90.8830
2012-10-11,90.7437
2012-10-12,90.6833
2012-10-15,90.6409
2012-10-16,90.5583
2012-10-17,90.2309
2012-10-18,90.3804
2012-10-19,90.8107
2012-10-22,90.7911
2012-10-23,91.0945
2012-10-24,91.1275
2012-10-25,91.0200
2012-10-26,91.1411
2012-10-29,
2012-10-30,
2012-10-31,91.1609
2012-11-01,91.1217
2012-11-02,91.2810
2012-11-05,91.4778
2012-11-06,91.2908
2012-11-07,91.4514
2012-11-08,91.5375
2012-11-09,91.6871
2012-11-12,
2012-11-13,91.7356
2012-11-14,91.7942
2012-11-15,91.8837
2012-11-16,92.0095
2012-11-19,91.5653
2012-11-20,91.5560
2012-11-21,91.6645
2012-11-22,
2012-11-23,91.2616
2012-11-26,91.2789
2012-11-27,91.2608
2012-11-28,91.3300
2012-11-29,91.2104
2012-11-30,91.1038
2012-12-03,91.0084
2012-12-04,90.9748
2012-12-05,90.9423
2012-12-06,91.0629
2012-12-07,91.0437
2012-12-10,90.9631
2012-12-11,90.8403
2012-12-12,90.7708
2012-12-13,90.7760
2012-12-14,90.7156
2012-12-17,90.6193
2012-12-18,90.5161
2012-12-19,90.4896
2012-12-20,90.6002
2012-12-21,90.9597
2012-12-24,91.0354
2012-12-25,
2012-12-26,91.0606
2012-12-27,91.1037
2012-12-28,91.0419
2012-12-31,91.0834
2013-01-01,
2013-01-02,90.6941
2013-01-03,90.8097
2013-01-04,91.1025
2013-01-07,90.9852
2013-01-08,91.0570
2013-01-09,91.0088
2013-01-10,90.6425
2013-01-11,90.5352
2013-01-14,90.4935
2013-01-15,90.5191
2013-01-16,90.5960
2013-01-17,90.5401
2013-01-18,90.8697
2013-01-21,
2013-01-22,90.7892
2013-01-23,90.8376
2013-01-24,90.9112
2013-01-25,91.0868
2013-01-28,91.2354
2013-01-29,90.9406
2013-01-30,90.8836
2013-01-31,90.7980
2013-02-01,90.6923
2013-02-04,90.9774
2013-02-05,90.8810
2013-02-06,91.0176
2013-02-07,91.2912
2013-02-08,91.3056
2013-02-11,91.4451
2013-02-12,91.2779
2013-02-13,91.2709
2013-02-14,91.3660
2013-02-15,91.4551
2013-02-18,
2013-02-19,91.5073
2013-02-20,91.6689
2013-02-21,92.0394
2013-02-22,92.1197
2013-02-25,92.1975
2013-02-26,92.4247
2013-02-27,92.2340
2013-02-28,92.2950
2013-03-01,92.6177
2013-03-04,92.6316
2013-03-05,92.4965
2013-03-06,
2013-03-07,92.5462
2013-03-08,92.6252
2013-03-11,92.5351
2013-03-12,92.3853
2013-03-13,92.4709
2013-03-14,92.4695
2013-03-15,92.1280
2013-03-18,92.3377
2013-03-19,92.5260
2013-03-20,92.4141
2013-03-21,92.3322
2013-03-22,92.2051
2013-03-25,92.3081
2013-03-26,92.2320
2013-03-27,92.4460
2013-03-28,92.2544
2013-03-29,92.3020
2013-04-01,92.1687
2013-04-02,92.1432
2013-04-03,92.1040
2013-04-04,92.3896
2013-04-05,92.1043
2013-04-08,92.2317
2013-04-09,91.9669
2013-04-10,91.9598
2013-04-11,91.6972
2013-04-12,91.7967
2013-04-15,91.9457
2013-04-16,91.8451
2013-04-17,92.1372
2013-04-18,92.1760
2013-04-19,92.2166
2013-04-22,92.3591
2013-04-23,92.3836
2013-04-24,92.4581
2013-04-25,92.0394
2013-04-26,91.9012
2013-04-29,91.6539
2013-04-30,91.3741
2013-05-01,91.4331
2013-05-02,91.6174
2013-05-03,91.5087
2013-05-06,91.6387
2013-05-07,91.5201
2013-05-08,91.1848
2013-05-09,91.3036
2013-05-10,92.2527
2013-05-13,92.2711
2013-05-14,92.3697
2013-05-15,92.7691
2013-05-16,92.6602
2013-05-17,93.1617
2013-05-20,93.0359
2013-05-21,92.9662
2013-05-22,93.3104
2013-05-23,93.2113
2013-05-24,93.2768
2013-05-27,
2013-05-28,93.5853
2013-05-29,93.5310
2013-05-30,93.4219
2013-05-31,93.6076
2013-06-03,93.1630
2013-06-04,93.3067
2013-06-05,93.2750
2013-06-06,92.8090
2013-06-07,92.6056
2013-06-10,92.9730
2013-06-11,92.7996
2013-06-12,92.4775
2013-06-13,92.3449
2013-06-14,92.1886
2013-06-17,92.3332
2013-06-18,92.5432
2013-06-19,92.4755
2013-06-20,94.1250
2013-06-21,94.4243
2013-06-24,94.5714
2013-06-25,94.3285
2013-06-26,94.3807
2013-06-27,94.2429
2013-06-28,94.3047
2013-07-01,94.0998
2013-07-02,94.4051
2013-07-03,94.4767
2013-07-04,
2013-07-05,95.0639
2013-07-08,94.9954
2013-07-09,94.9467
2013-07-10,94.7595
2013-07-11,93.9490
2013-07-12,94.0029
2013-07-15,93.9729
2013-07-16,93.5232
2013-07-17,93.5498
2013-07-18,93.6810
2013-07-19,93.4759
2013-07-22,93.2253
2013-07-23,93.1631
2013-07-24,93.3124
2013-07-25,93.2862
2013-07-26,93.1695
2013-07-29,93.1663
2013-07-30,93.3976
2013-07-31,93.5703
2013-08-01,93.7972
2013-08-02,93.5789
2013-08-05,93.5070
2013-08-06,93.3199
2013-08-07,93.2652
2013-08-08,92.8483
2013-08-09,92.8394
2013-08-12,92.9178
2013-08-13,93.4760
2013-08-14,93.3820
2013-08-15,93.5059
2013-08-16,93.4255
2013-08-19,93.6623
2013-08-20,93.5536
2013-08-21,94.0362
2013-08-22,94.2804
2013-08-23,93.9466
2013-08-26,94.1853
2013-08-27,94.3934
2013-08-28,94.4127
2013-08-29,94.6398
2013-08-30,94.7541
2013-09-02,
2013-09-03,94.9574
2013-09-04,94.5739
2013-09-05,94.8891
2013-09-06,94.2487
2013-09-09,94.0009
2013-09-10,93.9380
2013-09-11,93.7112
2013-09-12,93.5903
2013-09-13,93.6666
2013-09-16,93.2875
2013-09-17,93.2231
2013-09-18,93.2569
2013-09-19,92.4082
2013-09-20,92.6049
2013-09-23,92.6130
2013-09-24,92.7691
2013-09-25,92.7675
2013-09-26,93.0096
2013-09-27,92.9747
2013-09-30,92.9207
2013-10-01,92.9515
2013-10-02,92.7720
2013-10-03,92.7461
2013-10-04,92.6469
2013-10-07,92.6725
2013-10-08,92.7558
2013-10-09,93.0829
2013-10-10,92.8579
2013-10-11,92.8540
2013-10-14,
2013-10-15,92.7642
2013-10-16,92.6819
2013-10-17,92.0246
2013-10-18,91.9989
2013-10-21,92.2498
2013-10-22,91.9563
2013-10-23,92.0947
2013-10-24,92.1867
2013-10-25,92.1623
2013-10-28,92.1872
2013-10-29,92.3010
2013-10-30,92.3057
2013-10-31,92.7310
2013-11-01,93.1550
2013-11-04,92.9359
2013-11-05,93.2112
2013-11-06,93.0943
2013-11-07,93.4003
2013-11-08,93.6619
2013-11-11,
2013-11-12,93.7651
2013-11-13,93.4848
2013-11-14,93.4328
2013-11-15,93.2854
2013-11-18,92.9824
2013-11-19,93.0649
2013-11-20,93.2501
2013-11-21,93.5638
2013-11-22,93.4198
2013-11-25,93.5539
2013-11-26,93.5226
2013-11-27,93.6864
2013-11-28,
2013-11-29,93.6291
2013-12-02,93.8856
2013-12-03,93.8251
2013-12-04,93.8997
2013-12-05,93.4954
2013-12-06,93.4045
2013-12-09,93.1444
2013-12-10,
2013-12-11,93.0842
2013-12-12,93.4292
2013-12-13,93.3568
2013-12-16,93.2175
2013-12-17,93.3020
2013-12-18,93.4207
2013-12-19,93.7368
2013-12-20,93.7211
2013-12-23,93.5720
2013-12-24,93.6734
2013-12-25,
2013-12-26,93.7660
2013-12-27,93.7018
2013-12-30,93.4866
2013-12-31,93.5576
2014-01-01,
2014-01-02,93.8192
2014-01-03,93.8530
2014-01-06,93.9109
2014-01-07,94.0398
2014-01-08,94.2181
2014-01-09,94.3299
2014-01-10,94.0045
2014-01-13,93.8990
2014-01-14,94.0303
2014-01-15,94.3410
2014-01-16,94.5507
2014-01-17,94.5846
2014-01-20,
2014-01-21,94.6790
2014-01-22,94.8479
2014-01-23,94.8415
2014-01-24,94.8555
2014-01-27,94.9059
2014-01-28,94.8800
2014-01-29,94.8621
2014-01-30,95.1294
2014-01-31,95.1774
2014-02-03,95.2469
2014-02-04,95.0438
2014-02-05,95.0285
2014-02-06,94.7177
2014-02-07,94.7457
2014-02-10,94.7189
2014-02-11,94.6377
2014-02-12,94.6209
2014-02-13,
2014-02-14,94.2711
2014-02-17,
2014-02-18,94.1934
2014-02-19,94.3800
2014-02-20,94.6571
2014-02-21,
2014-02-24,94.4042
2014-02-25,94.4735
2014-02-26,94.7754
2014-02-27,94.6722
2014-02-28,94.3879
2014-03-03,
2014-03-04,94.6568
2014-03-05,94.4679
2014-03-06,93.9858
2014-03-07,94.2532
2014-03-10,94.3731
2014-03-11,94.3870
2014-03-12,94.4620
2014-03-13,94.1872
2014-03-14,94.2430
2014-03-17,
2014-03-18,94.2631
2014-03-19,94.3752
2014-03-20,94.9986
2014-03-21,94.8547
2014-03-24,94.7590
2014-03-25,94.6379
2014-03-26,94.5281
2014-03-27,94.3315
2014-03-28,94.3683
2014-03-31,94.2432
2014-04-01,94.1244
2014-04-02,94.3103
2014-04-03,94.5120
2014-04-04,94.2191
2014-04-07,94.0881
2014-04-08,93.6579
2014-04-09,93.6716
2014-04-10,93.5123
2014-04-11,93.6395
2014-04-14,93.8046
2014-04-15,93.9486
2014-04-16,93.9461
2014-04-17,93.8936
2014-04-18,93.9629
2014-04-21,94.0337
2014-04-22,94.0802
2014-04-23,94.1490
2014-04-24,94.1294
2014-04-25,94.1623
2014-04-28,94.1374
2014-04-29,94.0295
2014-04-30,93.8896
2014-05-01,93.8707
2014-05-02,93.8182
2014-05-05,93.7334
2014-05-06,93.4324
2014-05-07,93.4337
2014-05-08,93.3686
2014-05-09,93.6614
2014-05-12,93.6537
2014-05-13,93.6755
2014-05-14,93.5968
2014-05-15,93.7065
2014-05-16,93.6073
2014-05-19,93.5020
2014-05-20,93.6699
2014-05-21,93.7629
2014-05-22,93.6944
2014-05-23,93.7042
2014-05-26,
2014-05-27,93.8418
2014-05-28,93.8793
2014-05-29,93.6973
2014-05-30,93.7606
2014-06-02,94.0006
2014-06-03,94.0536
2014-06-04,94.1239
2014-06-05,93.9732
2014-06-06,93.9069
2014-06-09,93.9628
2014-06-10,94.0638
2014-06-11,93.9744
2014-06-12,93.8155
2014-06-13,93.9168
2014-06-16,93.8639
2014-06-17,94.0829
2014-06-18,94.0525
2014-06-19,93.7520
2014-06-20,93.7591
2014-06-23,93.6280
2014-06-24,93.7093
2014-06-25,93.5851
2014-06-26,93.5471
2014-06-27,93.3983
2014-06-30,93.2058
2014-07-01,93.1365
2014-07-02,93.2478
2014-07-03,93.3149
2014-07-04,
2014-07-07,93.3803
2014-07-08,93.3230
2014-07-09,93.2280
2014-07-10,93.3152
2014-07-11,93.4171
2014-07-14,93.4101
2014-07-15,93.5796
2014-07-16,93.5991
2014-07-17,93.6586
2014-07-18,93.6608
2014-07-21,93.6069
2014-07-22,93.6306
2014-07-23,93.5951
2014-07-24,93.6836
2014-07-25,93.8294
2014-07-28,93.8300
2014-07-29,94.0443
2014-07-30,94.3473
2014-07-31,94.4467
2014-08-01,94.4754
2014-08-04,94.4480
2014-08-05,94.6754
2014-08-06,94.6092
2014-08-07,94.6364
2014-08-08,94.6027
2014-08-11,94.4767
2014-08-12,94.5211
2014-08-13,94.4681
2014-08-14,94.3508
2014-08-15,94.2941
2014-08-18,94.2519
2014-08-19,94.4356
2014-08-20,94.5937
2014-08-21,94.6730
2014-08-22,94.8012
2014-08-25,94.9159
2014-08-26,94.8617
2014-08-27,94.6863
2014-08-28,94.6947
2014-08-29,94.7251
2014-09-01,
2014-09-02,95.0630
2014-09-03,94.8709
2014-09-04,95.2641
2014-09-05,95.2203
2014-09-08,95.4167
2014-09-09,95.8811
2014-09-10,95.8641
2014-09-11,95.9184
2014-09-12,96.0748
2014-09-15,96.1195
2014-09-16,95.8483
2014-09-17,95.9106
2014-09-18,96.1284
2014-09-19,96.3417
2014-09-22,96.4625
2014-09-23,96.5112
2014-09-24,96.6574
2014-09-25,96.8988
2014-09-26,97.2080
2014-09-29,97.3523
2014-09-30,97.5261
2014-10-01,97.5387
2014-10-02,97.3062
2014-10-03,97.9846
2014-10-06,97.5513
2014-10-07,97.4459
2014-10-08,97.4945
2014-10-09,97.1711
2014-10-10,97.4144
2014-10-13,
2014-10-14,97.3943
2014-10-15,97.3532
2014-10-16,97.2869
2014-10-17,97.3067
2014-10-20,97.2874
2014-10-21,97.2488
2014-10-22,97.4590
2014-10-23,97.6047
2014-10-24,97.4772
2014-10-27,97.5423
2014-10-28,97.2173
2014-10-29,97.0145
2014-10-30,97.4560
2014-10-31,98.1163
2014-11-03,98.5336
2014-11-04,98.5576
2014-11-05,98.8086
2014-11-06,99.1325
2014-11-07,99.0236
2014-11-10,98.9305
2014-11-11,
2014-11-12,98.8897
2014-11-13,99.1045
2014-11-14,99.0917
2014-11-17,99.2188
2014-11-18,99.0185
2014-11-19,99.2424
2014-11-20,99.2554
2014-11-21,99.2894
2014-11-24,99.4227
2014-11-25,99.2837
2014-11-26,99.1893
2014-11-27,
2014-11-28,100.0719
2014-12-01,99.8964
2014-12-02,100.4478
2014-12-03,100.5696
2014-12-04,100.3931
2014-12-05,101.0989
2014-12-08,101.3100
2014-12-09,100.8095
2014-12-10,101.0212
2014-12-11,101.4448
2014-12-12,101.3735
2014-12-15,101.6740
2014-12-16,101.5260
2014-12-17,101.5527
2014-12-18,101.7531
2014-12-19,102.0483
2014-12-22,101.9942
2014-12-23,102.3480
2014-12-24,102.3028
2014-12-25,
2014-12-26,
2014-12-29,102.3767
2014-12-30,102.1019
2014-12-31,102.2843
2015-01-01,
2015-01-02,102.9027
2015-01-05,103.4976
2015-01-06,103.2938
2015-01-07,103.6316
2015-01-08,103.2799
2015-01-09,103.1213
2015-01-12,103.2372
2015-01-13,103.2700
2015-01-14,103.0903
2015-01-15,103.0829
2015-01-16,103.2189
2015-01-19,
2015-01-20,103.5233
2015-01-21,103.7858
2015-01-22,103.9271
2015-01-23,104.3676
2015-01-26,104.4818
2015-01-27,104.1646
2015-01-28,104.4737
2015-01-29,105.2763
2015-01-30,105.5884
2015-02-02,105.2058
2015-02-03,104.6063
2015-02-04,104.7850
2015-02-05,104.4915
2015-02-06,105.1283
2015-02-09,104.9889
2015-02-10,105.2897
2015-02-11,105.7901
2015-02-12,104.9385
2015-02-13,104.8452
2015-02-16,
2015-02-17,
2015-02-18,105.2514
2015-02-19,105.1407
2015-02-20,105.3387
2015-02-23,105.5359
2015-02-24,105.5472
2015-02-25,105.0503
2015-02-26,105.5021
2015-02-27,105.5981
2015-03-02,105.8151
2015-03-03,105.5562
2015-03-04,106.1333
2015-03-05,
2015-03-06,107.4337
2015-03-09,107.5199
2015-03-10,108.1165
2015-03-11,108.5235
2015-03-12,108.1741
2015-03-13,108.9174
2015-03-16,108.6422
2015-03-17,108.5805
2015-03-18,108.4080
2015-03-19,108.1826
2015-03-20,107.1671
2015-03-23,106.5022
2015-03-24,106.4401
2015-03-25,106.2636
2015-03-26,106.5582
2015-03-27,106.8916
2015-03-30,107.3941
2015-03-31,107.4396
2015-04-01,107.0600
2015-04-02,106.6738
2015-04-03,105.8861
2015-04-06,105.7876
2015-04-07,106.4488
2015-04-08,106.4231
2015-04-09,107.0335
2015-04-10,107.4526
2015-04-13,107.7508
2015-04-14,107.0547
2015-04-15,107.1855
2015-04-16,106.2761
2015-04-17,106.3290
2015-04-20,106.4902
2015-04-21,106.5582
2015-04-22,106.5815
2015-04-23,106.1658
2015-04-24,105.9050
2015-04-27,105.6891
2015-04-28,105.1234
2015-04-29,104.5634
2015-04-30,105.3120
2015-05-01,105.6382
2015-05-04,105.6679
2015-05-05,105.2396
2015-05-06,104.6935
2015-05-07,105.1941
2015-05-08,104.8424
2015-05-11,105.3075
2015-05-12,104.8924
2015-05-13,104.3608
2015-05-14,104.2359
2015-05-15,104.0202
2015-05-18,104.6068
2015-05-19,105.3448
2015-05-20,105.5605
2015-05-21,105.3808
2015-05-22,105.8487
2015-05-25,
2015-05-26,106.7294
2015-05-27,106.9080
2015-05-28,106.9200
2015-05-29,106.7388
2015-06-01,107.2238
2015-06-02,106.4507
2015-06-03,106.1443
2015-06-04,106.4725
2015-06-05,107.1336
2015-06-08,106.7693
2015-06-09,106.2238
2015-06-10,105.8037
2015-06-11,106.0934
2015-06-12,105.9015
2015-06-15,105.9989
2015-06-16,106.0473
2015-06-17,106.0580
2015-06-18,105.1020
2015-06-19,105.4496
2015-06-22,105.3846
2015-06-23,105.9678
2015-06-24,106.2522
2015-06-25,106.1515
2015-06-26,106.4116
2015-06-29,106.3785
2015-06-30,106.5191
2015-07-01,107.0101
2015-07-02,106.9106
2015-07-03,
2015-07-06,107.1343
2015-07-07,107.7850
2015-07-08,107.4734
2015-07-09,107.5595
2015-07-10,107.2130
2015-07-13,107.5849
2015-07-14,107.4843
2015-07-15,108.0149
2015-07-16,108.1726
2015-07-17,108.5374
2015-07-20,108.6944
2015-07-21,108.3893
2015-07-22,108.7817
2015-07-23,108.7565
2015-07-24,109.0174
2015-07-27,108.6924
2015-07-28,108.6881
2015-07-29,108.6040
2015-07-30,109.4328
2015-07-31,108.7819
2015-08-03,109.2140
2015-08-04,109.2244
2015-08-05,109.8420
2015-08-06,109.7220
2015-08-07,109.4376
2015-08-10,109.1931
2015-08-11,109.9464
2015-08-12,109.4655
2015-08-13,109.9025
2015-08-14,109.9174
2015-08-17,110.1435
2015-08-18,110.2504
2015-08-19,110.4333
2015-08-20,110.1077
2015-08-21,110.1443
2015-08-24,109.9306
2015-08-25,110.3394
2015-08-26,110.5807
2015-08-27,110.4834
2015-08-28,110.6714
2015-08-31,110.5621
2015-09-01,110.4506
2015-09-02,110.7979
2015-09-03,110.8566
2015-09-04,111.1018
2015-09-07,
2015-09-08,110.7942
2015-09-09,110.9225
2015-09-10,110.6331
2015-09-11,110.6109
2015-09-14,110.5005
2015-09-15,110.6394
2015-09-16,110.1021
2015-09-17,110.1212
2015-09-18,109.8165
2015-09-21,110.6414
2015-09-22,111.1967
2015-09-23,111.6287
2015-09-24,111.4454
2015-09-25,111.3725
2015-09-28,111.3914
2015-09-29,111.5219
2015-09-30,111.3311
2015-10-01,111.0439
2015-10-02,110.7006
2015-10-05,110.4445
2015-10-06,110.1371
2015-10-07,109.8162
2015-10-08,109.6452
2015-10-09,109.0782
2015-10-12,
2015-10-13,109.4119
2015-10-14,109.1244
2015-10-15,108.6671
2015-10-16,108.9956
2015-10-19,109.3858
2015-10-20,109.3368
2015-10-21,109.7746
2015-10-22,110.0342
2015-10-23,110.4329
2015-10-26,110.2089
2015-10-27,110.4875
2015-10-28,110.2334
2015-10-29,110.8083
2015-10-30,110.2079
2015-11-02,110.2188
2015-11-03,110.2440
2015-11-04,110.7139
2015-11-05,110.8302
2015-11-06,111.7603
2015-11-09,111.9112
2015-11-10,111.9919
2015-11-11,
2015-11-12,111.7965
2015-11-13,112.0264
2015-11-16,112.2199
2015-11-17,112.3141
2015-11-18,112.3663
2015-11-19,111.5749
2015-11-20,111.7799
2015-11-23,112.1125
2015-11-24,111.7638
2015-11-25,111.8936
2015-11-26,
2015-11-27,112.2824
2015-11-30,112.3400
2015-12-01,112.1134
2015-12-02,112.3715
2015-12-03,111.6407
2015-12-04,111.5463
2015-12-07,112.3056
2015-12-08,112.5485
2015-12-09,112.1918
2015-12-10,112.2672
2015-12-11,112.7147
2015-12-14,112.7521
2015-12-15,112.8609
2015-12-16,112.9864
2015-12-17,113.8177
2015-12-18,113.2837
2015-12-21,113.4144
2015-12-22,113.2110
2015-12-23,113.1847
2015-12-24,113.0496
2015-12-25,
2015-12-28,113.0461
2015-12-29,113.1664
2015-12-30,113.4707
2015-12-31,113.3429
2016-01-01,
2016-01-04,114.1595
2016-01-05,114.2649
2016-01-06,114.6177
2016-01-07,114.6516
2016-01-08,115.0095
2016-01-11,115.0139
2016-01-12,115.3128
2016-01-13,115.1425
2016-01-14,115.3846
2016-01-15,115.7404
2016-01-18,
2016-01-19,115.8155
2016-01-20,116.3498
2016-01-21,115.9833
2016-01-22,
2016-01-25,
2016-01-26,
2016-01-27,115.5087
2016-01-28,115.2224
2016-01-29,115.5731
2016-02-01,115.3331
2016-02-02,115.5530
2016-02-03,114.6144
2016-02-04,113.6012
2016-02-05,114.2935
2016-02-08,114.4351
2016-02-09,114.1270
2016-02-10,114.2877
2016-02-11,114.1845
2016-02-12,114.2992
2016-02-15,
2016-02-16,114.4905
2016-02-17,113.8634
2016-02-18,113.8897
2016-02-19,113.9558
2016-02-22,113.8232
2016-02-23,114.1770
2016-02-24,114.1716
2016-02-25,113.9222
2016-02-26,114.3708
2016-02-29,114.2418
2016-03-01,113.9265
2016-03-02,113.7965
2016-03-03,113.2482
2016-03-04,112.6387
2016-03-07,112.6219
2016-03-08,112.8465
2016-03-09,112.4268
2016-03-10,112.4191
2016-03-11,111.7410
2016-03-14,112.1688
2016-03-15,112.5545
2016-03-16,112.7759
2016-03-17,110.4450
2016-03-18,110.4002
2016-03-21,110.7370
2016-03-22,110.7877
2016-03-23,111.5473
2016-03-24,111.8160
2016-03-25,111.7698
2016-03-28,111.3578
2016-03-29,111.3736
2016-03-30,110.2301
2016-03-31,109.9191
2016-04-01,110.2977
2016-04-04,110.3987
2016-04-05,110.9478
2016-04-06,110.5347
2016-04-07,110.8876
2016-04-08,110.4213
2016-04-11,109.9758
2016-04-12,109.8160
2016-04-13,110.1436
2016-04-14,110.1691
2016-04-15,110.1933
2016-04-18,109.9892
2016-04-19,109.2782
2016-04-20,109.3926
2016-04-21,109.8533
2016-04-22,110.2331
2016-04-25,110.1865
2016-04-26,109.7496
2016-04-27,109.8483
2016-04-28,109.2148
2016-04-29,108.8274
2016-05-02,108.6710
2016-05-03,109.3613
2016-05-04,109.9952
2016-05-05,110.2417
2016-05-06,110.3801
2016-05-09,110.9466
2016-05-10,110.8225
2016-05-11,110.2806
2016-05-12,110.6935
2016-05-13,111.2521
2016-05-16,111.1217
2016-05-17,111.0867
2016-05-18,111.4995
2016-05-19,112.2331
2016-05-20,112.1822
2016-05-23,112.2840
2016-05-24,112.2912
2016-05-25,112.2001
2016-05-26,111.8979
2016-05-27,112.0822
2016-05-30,
2016-05-31,112.4276
2016-06-01,112.4620
2016-06-02,112.4564
2016-06-03,111.4451
2016-06-06,111.2295
2016-06-07,110.8378
2016-06-08,110.1916
2016-06-09,110.6168
2016-06-10,111.1027
2016-06-13,111.5036
2016-06-14,111.9826
2016-06-15,111.7671
2016-06-16,112.2347
2016-06-17,111.5332
2016-06-20,110.8693
2016-06-21,111.0077
2016-06-22,110.7681
2016-06-23,110.2620
2016-06-24,112.1355
2016-06-27,113.1301
2016-06-28,112.7545
2016-06-29,111.8597
2016-06-30,112.1618
