ts,o,h,l,c
1780532100000,24861.0,24872.0,24836.0,24854.0
1780533000000,24854.0,24920.0,24854.0,24919.0
1780534800000,24915.0,24948.0,24912.0,24912.0
1780536600000,24931.0,24931.0,24895.0,24895.0
1780538400000,24899.0,24899.0,24875.0,24893.0
1780540200000,24880.0,24902.0,24869.0,24902.0
1780542000000,24906.0,24918.0,24906.0,24913.0
1780543800000,24925.0,24928.0,24894.0,24902.0
1780545600000,24918.0,24921.0,24916.0,24921.0
1780547400000,24915.0,24921.0,24913.0,24921.0
1780549200000,24913.0,24913.0,24882.0,24902.0
1780551000000,24897.0,24930.0,24897.0,24918.0
1780552800000,24920.0,24960.0,24918.0,24954.0
1780554600000,24956.0,24990.0,24950.0,24986.0
1780556400000,24989.0,25076.0,24987.0,25075.0
1780558200000,25074.0,25118.0,25069.0,25106.0
1780560000000,25105.0,25137.0,25086.0,25125.0
1780561800000,25127.0,25169.0,25050.0,25051.0
1780563600000,25049.0,25053.0,25007.0,25045.0
1780565400000,25042.0,25139.0,25036.0,25129.0
1780567200000,25128.0,25131.0,25065.0,25067.0
1780569000000,25067.0,25075.0,25021.0,25072.0
1780570800000,25073.0,25124.0,25070.0,25106.0
1780572600000,25110.0,25123.0,25062.0,25115.0
1780574400000,25118.0,25133.0,25081.0,25130.0
1780576200000,25132.0,25168.0,25113.0,25138.0
1780578000000,25137.0,25174.0,25134.0,25153.0
1780579800000,25160.0,25162.0,25087.0,25129.0
1780581600000,25126.0,25155.0,25094.0,25100.0
1780583400000,25100.0,25108.0,25059.0,25061.0
1780585200000,25061.0,25097.0,25033.0,25082.0
1780587000000,25083.0,25120.0,25072.0,25086.0
1780588800000,25087.0,25116.0,25086.0,25102.0
1780590600000,25101.0,25111.0,25095.0,25105.0
1780592400000,25103.0,25113.0,25091.0,25112.0
1780594200000,25110.0,25119.0,25106.0,25114.0
1780596000000,25110.0,25116.0,25100.0,25104.0
1780597800000,25104.0,25116.0,25103.0,25111.0
1780599600000,25110.0,25124.0,25102.0,25123.0
1780601400000,25122.0,25134.0,25102.0,25108.0
1780603200000,25084.0,25084.0,25084.0,25084.0
1780618500000,25000.0,25004.0,24932.0,24954.0
1780619400000,24952.0,24980.0,24945.0,24971.0
1780621200000,24973.0,24985.0,24954.0,24972.0
1780623000000,24982.0,25009.0,24982.0,25009.0
1780624800000,25004.0,25013.0,25004.0,25007.0
1780626600000,25016.0,25018.0,24991.0,24991.0
1780628400000,24985.0,24990.0,24983.0,24990.0
1780630200000,24971.0,24983.0,24944.0,24945.0
1780632000000,24967.0,24967.0,24967.0,24967.0
1780633800000,24963.0,24991.0,24958.0,24991.0
1780635600000,24984.0,24989.0,24968.0,24986.0
1780637400000,24987.0,25015.0,24972.0,24980.0
1780639200000,24989.0,25064.0,24989.0,25018.0
1780641000000,25024.0,25054.0,25016.0,25049.0
1780642800000,25047.0,25073.0,24977.0,25033.0
1780644600000,25033.0,25109.0,25025.0,25077.0
1780646400000,25075.0,25105.0,25030.0,25105.0
1780648200000,25107.0,25120.0,25073.0,25105.0
1780650000000,25106.0,25194.0,25097.0,25131.0
1780651800000,25134.0,25162.0,25113.0,25159.0
1780653600000,25160.0,25164.0,25132.0,25150.0
1780655400000,25151.0,25181.0,25142.0,25157.0
1780657200000,25156.0,25185.0,25102.0,25164.0
1780659000000,25161.0,25174.0,25143.0,25159.0
1780660800000,25160.0,25171.0,25107.0,25113.0
1780662600000,25122.0,25168.0,25062.0,25072.0
1780664400000,25073.0,25122.0,25065.0,25071.0
1780666200000,25069.0,25076.0,24955.0,24976.0
1780668000000,24976.0,25032.0,24931.0,24958.0
1780669800000,24968.0,25005.0,24958.0,24981.0
1780671600000,24981.0,24989.0,24929.0,24937.0
1780673400000,24935.0,24958.0,24906.0,24924.0
1780675200000,24922.0,24922.0,24884.0,24891.0
1780677000000,24890.0,24893.0,24841.0,24880.0
1780678800000,24875.0,24875.0,24831.0,24863.0
1780680600000,24866.0,24884.0,24854.0,24866.0
1780682400000,24873.0,24878.0,24787.0,24791.0
1780684200000,24790.0,24802.0,24733.0,24755.0
1780686000000,24753.0,24754.0,24667.0,24722.0
1780687800000,24726.0,24768.0,24700.0,24737.0
1780689600000,24737.0,24737.0,24737.0,24737.0
1780877700000,24728.0,24737.0,24705.0,24737.0
1780878600000,24749.0,24769.0,24688.0,24714.0
1780880400000,24714.0,24726.0,24589.0,24595.0
1780882200000,24599.0,24695.0,24516.0,24695.0
1780884000000,24701.0,24733.0,24685.0,24708.0
1780885800000,24723.0,24777.0,24684.0,24745.0
1780887600000,24754.0,24754.0,24686.0,24705.0
1780889400000,24707.0,24726.0,24694.0,24706.0
1780891200000,24709.0,24709.0,24676.0,24700.0
1780893000000,24698.0,24708.0,24566.0,24574.0
1780894800000,24601.0,24629.0,24585.0,24599.0
1780896600000,24602.0,24602.0,24520.0,24540.0
1780898400000,24543.0,24581.0,24491.0,24573.0
1780900200000,24575.0,24592.0,24522.0,24577.0
1780902000000,24579.0,24725.0,24557.0,24703.0
1780903800000,24704.0,24753.0,24668.0,24688.0
1780905600000,24689.0,24715.0,24646.0,24670.0
1780907400000,24668.0,24706.0,24652.0,24688.0
1780909200000,24691.0,24748.0,24690.0,24725.0
1780911000000,24727.0,24820.0,24710.0,24783.0
1780912800000,24782.0,24804.0,24735.0,24756.0
1780914600000,24758.0,24871.0,24755.0,24766.0
1780916400000,24767.0,24901.0,24735.0,24862.0
1780918200000,24864.0,24881.0,24817.0,24822.0
1780920000000,24821.0,24864.0,24819.0,24833.0
1780921800000,24835.0,24851.0,24789.0,24808.0
1780923600000,24814.0,24841.0,24797.0,24824.0
1780925400000,24822.0,24865.0,24800.0,24839.0
1780927200000,24841.0,24844.0,24765.0,24782.0
1780929000000,24781.0,24838.0,24769.0,24837.0
1780930800000,24836.0,24846.0,24796.0,24803.0
1780932600000,24802.0,24816.0,24767.0,24771.0
1780934400000,24772.0,24790.0,24759.0,24759.0
1780936200000,24760.0,24765.0,24749.0,24752.0
1780938000000,24746.0,24746.0,24701.0,24734.0
1780939800000,24734.0,24740.0,24703.0,24726.0
1780941600000,24728.0,24770.0,24727.0,24768.0
1780943400000,24771.0,24784.0,24763.0,24769.0
1780945200000,24768.0,24769.0,24704.0,24725.0
1780947000000,24726.0,24760.0,24711.0,24746.0
1780948800000,24758.0,24758.0,24758.0,24758.0
1780964100000,24689.0,24702.0,24681.0,24690.0
1780965000000,24689.0,24689.0,24641.0,24668.0
1780966800000,24671.0,24735.0,24654.0,24719.0
1780968600000,24718.0,24746.0,24714.0,24721.0
1780970400000,24731.0,24742.0,24716.0,24730.0
1780972200000,24734.0,24739.0,24702.0,24719.0
1780974000000,24717.0,24763.0,24714.0,24723.0
1780975800000,24729.0,24772.0,24729.0,24757.0
1780977600000,24747.0,24778.0,24743.0,24776.0
1780979400000,24780.0,24802.0,24758.0,24788.0
1780981200000,24776.0,24791.0,24765.0,24766.0
1780983000000,24758.0,24796.0,24750.0,24751.0
1780984800000,24758.0,24784.0,24752.0,24764.0
1780986600000,24764.0,24786.0,24732.0,24742.0
1780988400000,24741.0,24817.0,24692.0,24724.0
1780990200000,24726.0,24853.0,24725.0,24827.0
1780992000000,24830.0,24887.0,24808.0,24870.0
1780993800000,24872.0,24911.0,24843.0,24904.0
1780995600000,24906.0,24950.0,24898.0,24921.0
1780997400000,24922.0,24966.0,24895.0,24950.0
1780999200000,24954.0,24981.0,24899.0,24978.0
1781001000000,24979.0,24982.0,24934.0,24943.0
1781002800000,24942.0,24952.0,24918.0,24928.0
1781004600000,24928.0,24937.0,24876.0,24887.0
1781006400000,24888.0,24892.0,24858.0,24875.0
1781008200000,24873.0,24916.0,24873.0,24913.0
1781010000000,24913.0,24952.0,24893.0,24917.0
1781011800000,24915.0,24973.0,24894.0,24931.0
1781013600000,24932.0,24950.0,24803.0,24863.0
1781015400000,24859.0,24892.0,24710.0,24773.0
1781017200000,24776.0,24789.0,24567.0,24569.0
1781019000000,24566.0,24651.0,24550.0,24582.0
1781020800000,24577.0,24613.0,24513.0,24563.0
1781022600000,24559.0,24594.0,24387.0,24448.0
1781024400000,24453.0,24589.0,24450.0,24574.0
1781026200000,24578.0,24629.0,24559.0,24607.0
1781028000000,24606.0,24661.0,24589.0,24656.0
1781029800000,24655.0,24703.0,24650.0,24698.0
1781031600000,24696.0,24707.0,24628.0,24659.0
1781033400000,24661.0,24706.0,24627.0,24683.0
1781035200000,24670.0,24670.0,24670.0,24670.0
1781050500000,24670.0,24679.0,24637.0,24648.0
1781051400000,24643.0,24664.0,24592.0,24663.0
1781053200000,24656.0,24696.0,24651.0,24655.0
1781055000000,24653.0,24669.0,24627.0,24628.0
1781056800000,24630.0,24643.0,24612.0,24628.0
1781058600000,24628.0,24649.0,24599.0,24601.0
1781060400000,24621.0,24635.0,24615.0,24629.0
1781062200000,24619.0,24625.0,24619.0,24622.0
1781064000000,24609.0,24609.0,24573.0,24573.0
1781065800000,24566.0,24573.0,24549.0,24554.0
1781067600000,24549.0,24610.0,24549.0,24610.0
1781069400000,24605.0,24635.0,24583.0,24629.0
1781071200000,24635.0,24666.0,24621.0,24630.0
1781073000000,24630.0,24664.0,24616.0,24630.0
1781074800000,24631.0,24677.0,24571.0,24586.0
1781076600000,24584.0,24616.0,24571.0,24607.0
1781078400000,24611.0,24613.0,24510.0,24534.0
1781080200000,24532.0,24537.0,24458.0,24471.0
1781082000000,24472.0,24477.0,24387.0,24458.0
1781083800000,24458.0,24498.0,24418.0,24464.0
1781085600000,24462.0,24462.0,24371.0,24412.0
1781087400000,24411.0,24436.0,24384.0,24398.0
1781089200000,24398.0,24407.0,24185.0,24309.0
1781091000000,24308.0,24390.0,24297.0,24376.0
1781092800000,24377.0,24415.0,24351.0,24412.0
1781094600000,24404.0,24484.0,24391.0,24444.0
1781096400000,24443.0,24451.0,24401.0,24429.0
1781098200000,24431.0,24518.0,24395.0,24496.0
1781100000000,24497.0,24504.0,24432.0,24462.0
1781101800000,24462.0,24474.0,24383.0,24398.0
1781103600000,24397.0,24433.0,24350.0,24371.0
1781105400000,24374.0,24393.0,24275.0,24357.0
1781107200000,24358.0,24373.0,24311.0,24334.0
1781109000000,24328.0,24354.0,24295.0,24319.0
1781110800000,24315.0,24329.0,24284.0,24301.0
1781112600000,24303.0,24337.0,24263.0,24326.0
1781114400000,24329.0,24356.0,24304.0,24333.0
1781116200000,24325.0,24325.0,24263.0,24278.0
1781118000000,24277.0,24290.0,24237.0,24246.0
1781119800000,24248.0,24277.0,24225.0,24225.0
1781121600000,24216.0,24216.0,24216.0,24216.0
1781136900000,24131.0,24203.0,24131.0,24155.0
1781137800000,24143.0,24205.0,24110.0,24205.0
1781139600000,24204.0,24312.0,24204.0,24306.0
1781141400000,24299.0,24299.0,24215.0,24227.0
1781143200000,24225.0,24239.0,24173.0,24181.0
1781145000000,24163.0,24216.0,24146.0,24216.0
1781146800000,24227.0,24231.0,24188.0,24206.0
1781148600000,24216.0,24290.0,24216.0,24290.0
1781150400000,24290.0,24299.0,24267.0,24293.0
1781152200000,24313.0,24344.0,24297.0,24321.0
1781154000000,24324.0,24324.0,24281.0,24281.0
1781155800000,24284.0,24311.0,24283.0,24301.0
1781157600000,24298.0,24335.0,24253.0,24323.0
1781159400000,24323.0,24367.0,24305.0,24356.0
1781161200000,24359.0,24390.0,24299.0,24358.0
1781163000000,24358.0,24399.0,24313.0,24315.0
1781164800000,24315.0,24413.0,24314.0,24348.0
1781166600000,24349.0,24373.0,24330.0,24363.0
1781168400000,24361.0,24381.0,24324.0,24364.0
1781170200000,24363.0,24425.0,24343.0,24403.0
1781172000000,24403.0,24431.0,24390.0,24391.0
1781173800000,24391.0,24438.0,24391.0,24405.0
1781175600000,24408.0,24418.0,24375.0,24403.0
1781177400000,24404.0,24446.0,24399.0,24417.0
1781179200000,24418.0,24418.0,24223.0,24292.0
1781181000000,24292.0,24380.0,24233.0,24358.0
1781182800000,24358.0,24358.0,24306.0,24344.0
1781184600000,24345.0,24475.0,24337.0,24451.0
1781186400000,24451.0,24480.0,24361.0,24380.0
1781188200000,24380.0,24427.0,24341.0,24348.0
1781190000000,24349.0,24431.0,24341.0,24354.0
1781191800000,24355.0,24411.0,24352.0,24385.0
1781193600000,24386.0,24404.0,24358.0,24359.0
1781195400000,24359.0,24389.0,24347.0,24347.0
1781197200000,24348.0,24584.0,24319.0,24572.0
1781199000000,24571.0,24729.0,24566.0,24673.0
1781200800000,24670.0,24693.0,24608.0,24639.0
1781202600000,24639.0,24688.0,24629.0,24666.0
1781204400000,24667.0,24714.0,24662.0,24706.0
1781206200000,24705.0,24809.0,24705.0,24767.0
1781208000000,24780.0,24780.0,24780.0,24780.0
1781223300000,24806.0,24806.0,24759.0,24786.0
1781224200000,24787.0,24787.0,24742.0,24758.0
1781226000000,24742.0,24748.0,24697.0,24702.0
1781227800000,24703.0,24769.0,24698.0,24769.0
1781229600000,24778.0,24778.0,24747.0,24747.0
1781231400000,24738.0,24754.0,24726.0,24738.0
1781233200000,24739.0,24748.0,24716.0,24728.0
1781235000000,24737.0,24748.0,24731.0,24746.0
1781236800000,24736.0,24757.0,24722.0,24757.0
1781238600000,24765.0,24776.0,24755.0,24758.0
1781240400000,24763.0,24778.0,24737.0,24744.0
1781242200000,24745.0,24745.0,24674.0,24707.0
1781244000000,24688.0,24746.0,24688.0,24733.0
1781245800000,24734.0,24734.0,24672.0,24716.0
1781247600000,24716.0,24740.0,24645.0,24659.0
1781249400000,24657.0,24915.0,24653.0,24799.0
1781251200000,24803.0,24909.0,24784.0,24865.0
1781253000000,24865.0,24878.0,24739.0,24773.0
1781254800000,24774.0,24846.0,24771.0,24829.0
1781256600000,24830.0,24856.0,24803.0,24811.0
1781258400000,24811.0,24825.0,24704.0,24717.0
1781260200000,24718.0,24753.0,24703.0,24739.0
1781262000000,24741.0,24786.0,24732.0,24778.0
1781263800000,24781.0,24788.0,24722.0,24728.0
1781265600000,24731.0,24732.0,24642.0,24643.0
1781267400000,24642.0,24659.0,24596.0,24616.0
1781269200000,24615.0,24705.0,24613.0,24698.0
1781271000000,24699.0,24700.0,24566.0,24648.0
1781272800000,24649.0,24693.0,24628.0,24650.0
1781274600000,24651.0,24785.0,24636.0,24774.0
1781276400000,24774.0,24786.0,24730.0,24765.0
1781278200000,24766.0,24820.0,24706.0,24717.0
1781280000000,24715.0,24792.0,24686.0,24754.0
1781281800000,24756.0,24791.0,24750.0,24778.0
1781283600000,24777.0,24844.0,24777.0,24802.0
1781285400000,24796.0,24809.0,24779.0,24797.0
1781287200000,24797.0,24810.0,24786.0,24809.0
1781289000000,24812.0,24828.0,24799.0,24799.0
1781290800000,24802.0,24840.0,24802.0,24830.0
1781292600000,24829.0,24833.0,24802.0,24823.0
1781294400000,24821.0,24821.0,24821.0,24821.0
1781482500000,25053.0,25229.0,25053.0,25216.0
1781483400000,25223.0,25226.0,25186.0,25188.0
1781485200000,25176.0,25219.0,25171.0,25189.0
1781487000000,25194.0,25203.0,25168.0,25171.0
1781488800000,25163.0,25176.0,25153.0,25172.0
1781490600000,25176.0,25189.0,25171.0,25188.0
1781492400000,25186.0,25203.0,25183.0,25193.0
1781494200000,25192.0,25192.0,25165.0,25165.0
1781496000000,25168.0,25170.0,25149.0,25165.0
1781497800000,25168.0,25184.0,25157.0,25184.0
1781499600000,25191.0,25212.0,25180.0,25208.0
1781501400000,25209.0,25209.0,25163.0,25177.0
1781503200000,25182.0,25237.0,25142.0,25223.0
1781505000000,25223.0,25229.0,25195.0,25203.0
1781506800000,25205.0,25244.0,25170.0,25230.0
1781508600000,25230.0,25241.0,25176.0,25176.0
1781510400000,25175.0,25203.0,25127.0,25174.0
1781512200000,25175.0,25175.0,25093.0,25099.0
1781514000000,25101.0,25105.0,25053.0,25067.0
1781515800000,25067.0,25083.0,25049.0,25074.0
1781517600000,25070.0,25110.0,25064.0,25103.0
1781519400000,25104.0,25107.0,25072.0,25098.0
1781521200000,25097.0,25124.0,25089.0,25120.0
1781523000000,25122.0,25127.0,25093.0,25115.0
1781524800000,25115.0,25145.0,25107.0,25121.0
1781526600000,25127.0,25148.0,25114.0,25139.0
1781528400000,25144.0,25155.0,25124.0,25142.0
1781530200000,25144.0,25164.0,25070.0,25075.0
1781532000000,25076.0,25090.0,25045.0,25075.0
1781533800000,25075.0,25123.0,25069.0,25088.0
1781535600000,25087.0,25095.0,25032.0,25056.0
1781537400000,25057.0,25093.0,25034.0,25074.0
1781539200000,25076.0,25076.0,25061.0,25067.0
1781541000000,25070.0,25072.0,25050.0,25060.0
1781542800000,25060.0,25061.0,25029.0,25052.0
1781544600000,25052.0,25055.0,25022.0,25029.0
1781546400000,25030.0,25033.0,25002.0,25004.0
1781548200000,25005.0,25015.0,24998.0,25005.0
1781550000000,25006.0,25014.0,24984.0,24985.0
1781551800000,24986.0,25013.0,24986.0,25009.0
1781553600000,25018.0,25018.0,25018.0,25018.0
1781568900000,24991.0,25009.0,24991.0,24998.0
1781569800000,25003.0,25019.0,25003.0,25004.0
1781571600000,25008.0,25018.0,24998.0,25008.0
1781573400000,25007.0,25009.0,24987.0,25000.0
1781575200000,24999.0,25001.0,24981.0,24989.0
1781577000000,24989.0,24994.0,24989.0,24994.0
1781578800000,24994.0,24994.0,24994.0,24994.0
1781580600000,25019.0,25038.0,25019.0,25038.0
1781582400000,25015.0,25015.0,25009.0,25009.0
1781584200000,25019.0,25022.0,25018.0,25020.0
1781586000000,25028.0,25053.0,25028.0,25048.0
1781587800000,25030.0,25039.0,25020.0,25037.0
1781589600000,25038.0,25076.0,25020.0,25071.0
1781591400000,25074.0,25101.0,25068.0,25098.0
1781593200000,25096.0,25113.0,25055.0,25079.0
1781595000000,25079.0,25146.0,25047.0,25140.0
1781596800000,25140.0,25262.0,25129.0,25257.0
1781598600000,25259.0,25262.0,25209.0,25245.0
1781600400000,25241.0,25250.0,25212.0,25232.0
1781602200000,25235.0,25246.0,25192.0,25229.0
1781604000000,25232.0,25238.0,25189.0,25194.0
1781605800000,25200.0,25219.0,25196.0,25202.0
1781607600000,25201.0,25207.0,25149.0,25164.0
1781609400000,25164.0,25170.0,25144.0,25161.0
1781611200000,25160.0,25205.0,25152.0,25163.0
1781613000000,25163.0,25190.0,25128.0,25135.0
1781614800000,25136.0,25138.0,25109.0,25134.0
1781616600000,25131.0,25136.0,25078.0,25133.0
1781618400000,25132.0,25132.0,25057.0,25080.0
1781620200000,25080.0,25115.0,25065.0,25076.0
1781622000000,25078.0,25085.0,25051.0,25062.0
1781623800000,25063.0,25090.0,24953.0,24982.0
1781625600000,24978.0,24995.0,24966.0,24993.0
1781627400000,24993.0,25000.0,24975.0,24978.0
1781629200000,24981.0,24981.0,24951.0,24957.0
1781631000000,24956.0,24985.0,24947.0,24983.0
1781632800000,24980.0,24982.0,24964.0,24978.0
1781634600000,24972.0,24972.0,24949.0,24953.0
1781636400000,24951.0,24960.0,24914.0,24938.0
1781638200000,24937.0,24944.0,24906.0,24909.0
1781640000000,24906.0,24906.0,24906.0,24906.0
1781655300000,24954.0,24954.0,24938.0,24952.0
1781656200000,24954.0,24961.0,24954.0,24961.0
1781658000000,24959.0,24984.0,24959.0,24984.0
1781659800000,24979.0,24984.0,24975.0,24980.0
1781661600000,24980.0,24980.0,24980.0,24980.0
1781663400000,24982.0,24982.0,24971.0,24974.0
1781665200000,24960.0,24969.0,24952.0,24965.0
1781667000000,24970.0,24981.0,24960.0,24975.0
1781668800000,24974.0,24974.0,24974.0,24974.0
1781670600000,24971.0,24995.0,24968.0,24994.0
1781672400000,24991.0,25003.0,24991.0,25003.0
1781674200000,24999.0,25016.0,24999.0,25007.0
1781676000000,25012.0,25028.0,25001.0,25013.0
1781677800000,25003.0,25008.0,24976.0,24995.0
1781679600000,24994.0,25038.0,24967.0,24985.0
1781681400000,24989.0,25026.0,24968.0,25003.0
1781683200000,24998.0,25007.0,24962.0,24987.0
1781685000000,24983.0,25004.0,24929.0,25000.0
1781686800000,25003.0,25049.0,24997.0,25044.0
1781688600000,25045.0,25086.0,25033.0,25084.0
1781690400000,25085.0,25096.0,25055.0,25082.0
1781692200000,25081.0,25126.0,25081.0,25115.0
1781694000000,25113.0,25127.0,25097.0,25108.0
1781695800000,25107.0,25107.0,25020.0,25029.0
1781697600000,25028.0,25059.0,25028.0,25034.0
1781699400000,25033.0,25066.0,25033.0,25041.0
1781701200000,25041.0,25067.0,25017.0,25021.0
1781703000000,25022.0,25066.0,24993.0,25042.0
1781704800000,25033.0,25094.0,25002.0,25090.0
1781706600000,25087.0,25113.0,24991.0,25055.0
1781708400000,25056.0,25116.0,25055.0,25115.0
1781710200000,25116.0,25153.0,25105.0,25138.0
1781712000000,25137.0,25144.0,25127.0,25135.0
1781713800000,25137.0,25137.0,25103.0,25113.0
1781715600000,25117.0,25122.0,25084.0,25108.0
1781717400000,25112.0,25133.0,25102.0,25133.0
1781719200000,25123.0,25146.0,25011.0,25073.0
1781721000000,25096.0,25158.0,25067.0,25080.0
1781722800000,25085.0,25099.0,24985.0,25004.0
1781724600000,25001.0,25014.0,24964.0,24979.0
1781726400000,24982.0,24982.0,24982.0,24982.0
1781741700000,25250.0,25250.0,25075.0,25075.0
1781742600000,25090.0,25090.0,25037.0,25037.0
1781744400000,25036.0,25057.0,25011.0,25057.0
1781746200000,25053.0,25063.0,25044.0,25047.0
1781748000000,25057.0,25071.0,25057.0,25064.0
1781749800000,25052.0,25054.0,25043.0,25054.0
1781751600000,25047.0,25047.0,25021.0,25035.0
1781753400000,25042.0,25051.0,25038.0,25051.0
1781755200000,25059.0,25077.0,25041.0,25043.0
1781757000000,25037.0,25038.0,25017.0,25035.0
1781758800000,25023.0,25080.0,25023.0,25072.0
1781760600000,25070.0,25072.0,25041.0,25058.0
1781762400000,25062.0,25153.0,25046.0,25131.0
1781764200000,25129.0,25164.0,25095.0,25162.0
1781766000000,25162.0,25238.0,25156.0,25230.0
1781767800000,25229.0,25235.0,25133.0,25161.0
1781769600000,25163.0,25187.0,25090.0,25091.0
1781771400000,25092.0,25093.0,25029.0,25033.0
1781773200000,25034.0,25125.0,25013.0,25119.0
1781775000000,25119.0,25172.0,25104.0,25142.0
1781776800000,25143.0,25163.0,25107.0,25147.0
1781778600000,25152.0,25153.0,25095.0,25104.0
1781780400000,25102.0,25106.0,25042.0,25100.0
1781782200000,25101.0,25116.0,25072.0,25105.0
1781784000000,25107.0,25164.0,25107.0,25146.0
1781785800000,25148.0,25208.0,25138.0,25194.0
1781787600000,25195.0,25214.0,25165.0,25180.0
1781789400000,25178.0,25191.0,25092.0,25118.0
1781791200000,25119.0,25194.0,25111.0,25164.0
1781793000000,25163.0,25220.0,25151.0,25217.0
1781794800000,25223.0,25246.0,25181.0,25214.0
1781796600000,25212.0,25242.0,25175.0,25233.0
1781798400000,25232.0,25252.0,25232.0,25238.0
1781800200000,25240.0,25247.0,25211.0,25224.0
1781802000000,25228.0,25253.0,25220.0,25246.0
1781803800000,25250.0,25259.0,25244.0,25249.0
1781805600000,25251.0,25260.0,25240.0,25241.0
1781807400000,25244.0,25244.0,25219.0,25236.0
1781809200000,25235.0,25235.0,25203.0,25215.0
1781811000000,25215.0,25247.0,25195.0,25235.0
1781812800000,25235.0,25253.0,25235.0,25253.0
1781828100000,25193.0,25212.0,25140.0,25150.0
1781829000000,25150.0,25158.0,25107.0,25150.0
1781830800000,25160.0,25163.0,25127.0,25138.0
1781832600000,25130.0,25139.0,25130.0,25139.0
1781834400000,25112.0,25113.0,25104.0,25113.0
1781836200000,25118.0,25125.0,25111.0,25118.0
1781838000000,25126.0,25126.0,25103.0,25104.0
1781839800000,25103.0,25117.0,25103.0,25114.0
1781841600000,25120.0,25140.0,25111.0,25122.0
1781843400000,25125.0,25125.0,25066.0,25080.0
1781845200000,25081.0,25103.0,25073.0,25103.0
1781847000000,25105.0,25128.0,25090.0,25126.0
1781848800000,25122.0,25181.0,25120.0,25177.0
1781850600000,25178.0,25211.0,25174.0,25206.0
1781852400000,25205.0,25290.0,25203.0,25273.0
1781854200000,25276.0,25341.0,25257.0,25335.0
1781856000000,25334.0,25353.0,25308.0,25332.0
1781857800000,25331.0,25331.0,25279.0,25297.0
1781859600000,25299.0,25309.0,25236.0,25249.0
1781861400000,25249.0,25313.0,25247.0,25286.0
1781863200000,25288.0,25301.0,25243.0,25244.0
1781865000000,25240.0,25247.0,25190.0,25219.0
1781866800000,25219.0,25236.0,25189.0,25194.0
1781868600000,25190.0,25223.0,25184.0,25217.0
1781870400000,25216.0,25218.0,25146.0,25165.0
1781872200000,25164.0,25237.0,25118.0,25233.0
1781874000000,25238.0,25271.0,25202.0,25242.0
1781875800000,25242.0,25242.0,25194.0,25224.0
1781877600000,25227.0,25258.0,25210.0,25252.0
1781879400000,25253.0,25257.0,25203.0,25214.0
1781881200000,25213.0,25239.0,25194.0,25199.0
1781883000000,25199.0,25209.0,25148.0,25190.0
1781884800000,25188.0,25214.0,25184.0,25214.0
1781886600000,25214.0,25216.0,25165.0,25170.0
1781888400000,25171.0,25179.0,25164.0,25179.0
1781890200000,25176.0,25182.0,25172.0,25178.0
1781892000000,25181.0,25186.0,25174.0,25180.0
1781893800000,25180.0,25183.0,25176.0,25177.0
1781895600000,25178.0,25186.0,25177.0,25183.0
1781897400000,25183.0,25185.0,25162.0,25169.0
1781899200000,25182.0,25182.0,25182.0,25182.0
1782087300000,25111.0,25155.0,25110.0,25155.0
1782088200000,25148.0,25178.0,25148.0,25178.0
1782090000000,25177.0,25200.0,25176.0,25198.0
1782091800000,25190.0,25190.0,25148.0,25148.0
1782093600000,25151.0,25166.0,25140.0,25150.0
1782095400000,25144.0,25150.0,25134.0,25134.0
1782097200000,25132.0,25139.0,25122.0,25137.0
1782099000000,25148.0,25148.0,25128.0,25128.0
1782100800000,25132.0,25140.0,25123.0,25124.0
1782102600000,25119.0,25139.0,25116.0,25139.0
1782104400000,25148.0,25190.0,25148.0,25190.0
1782106200000,25180.0,25192.0,25168.0,25189.0
1782108000000,25192.0,25229.0,25176.0,25227.0
1782109800000,25226.0,25253.0,25216.0,25244.0
1782111600000,25243.0,25248.0,25192.0,25242.0
1782113400000,25242.0,25259.0,25158.0,25185.0
1782115200000,25188.0,25189.0,25139.0,25160.0
1782117000000,25159.0,25164.0,25117.0,25122.0
1782118800000,25118.0,25150.0,25104.0,25121.0
1782120600000,25122.0,25132.0,25074.0,25076.0
1782122400000,25076.0,25111.0,25070.0,25099.0
1782124200000,25100.0,25114.0,25085.0,25085.0
1782126000000,25083.0,25143.0,25072.0,25132.0
1782127800000,25132.0,25173.0,25130.0,25173.0
1782129600000,25174.0,25199.0,25147.0,25197.0
1782131400000,25197.0,25207.0,25181.0,25198.0
1782133200000,25198.0,25268.0,25198.0,25258.0
1782135000000,25259.0,25327.0,25255.0,25327.0
1782136800000,25323.0,25353.0,25296.0,25302.0
1782138600000,25303.0,25311.0,25258.0,25289.0
1782140400000,25292.0,25334.0,25267.0,25333.0
1782142200000,25334.0,25346.0,25277.0,25283.0
1782144000000,25285.0,25286.0,25255.0,25272.0
1782145800000,25272.0,25285.0,25253.0,25270.0
1782147600000,25269.0,25269.0,25247.0,25253.0
1782149400000,25257.0,25273.0,25240.0,25266.0
1782151200000,25266.0,25285.0,25262.0,25276.0
1782153000000,25276.0,25286.0,25249.0,25251.0
1782154800000,25252.0,25262.0,25244.0,25254.0
1782156600000,25253.0,25275.0,25250.0,25270.0
1782158400000,25277.0,25277.0,25277.0,25277.0
1782173700000,25209.0,25221.0,25205.0,25217.0
1782174600000,25217.0,25259.0,25214.0,25255.0
1782176400000,25264.0,25264.0,25242.0,25250.0
1782178200000,25249.0,25251.0,25210.0,25226.0
1782180000000,25205.0,25213.0,25190.0,25213.0
1782181800000,25207.0,25207.0,25171.0,25171.0
1782183600000,25177.0,25177.0,25136.0,25149.0
1782185400000,25142.0,25153.0,25098.0,25153.0
1782187200000,25158.0,25158.0,25116.0,25142.0
1782189000000,25137.0,25137.0,25087.0,25089.0
1782190800000,25091.0,25111.0,25048.0,25058.0
1782192600000,25063.0,25082.0,25055.0,25055.0
1782194400000,25055.0,25085.0,25030.0,25032.0
1782196200000,25028.0,25068.0,25004.0,25009.0
1782198000000,25008.0,25055.0,24942.0,24982.0
1782199800000,24976.0,25027.0,24939.0,24961.0
1782201600000,24961.0,24970.0,24896.0,24915.0
1782203400000,24917.0,24969.0,24905.0,24944.0
1782205200000,24948.0,24989.0,24927.0,24985.0
1782207000000,24986.0,25031.0,24964.0,25026.0
1782208800000,25022.0,25094.0,25021.0,25059.0
1782210600000,25060.0,25064.0,25008.0,25028.0
1782212400000,25028.0,25107.0,25008.0,25044.0
1782214200000,25041.0,25088.0,25030.0,25074.0
1782216000000,25075.0,25099.0,25045.0,25061.0
1782217800000,25061.0,25089.0,25034.0,25081.0
1782219600000,25081.0,25083.0,25027.0,25037.0
1782221400000,25040.0,25119.0,25028.0,25118.0
1782223200000,25118.0,25164.0,25105.0,25147.0
1782225000000,25147.0,25149.0,25096.0,25128.0
1782226800000,25128.0,25153.0,25102.0,25115.0
1782228600000,25113.0,25117.0,25049.0,25106.0
1782230400000,25105.0,25135.0,25105.0,25129.0
1782232200000,25127.0,25145.0,25125.0,25136.0
1782234000000,25133.0,25143.0,25113.0,25134.0
1782235800000,25131.0,25142.0,25103.0,25103.0
1782237600000,25104.0,25119.0,25095.0,25101.0
1782239400000,25097.0,25102.0,25056.0,25075.0
1782241200000,25070.0,25110.0,25070.0,25098.0
1782243000000,25104.0,25104.0,25061.0,25071.0
1782244800000,25074.0,25074.0,25074.0,25074.0
1782260100000,25091.0,25118.0,25075.0,25076.0
1782261000000,25100.0,25110.0,25098.0,25098.0
1782262800000,25105.0,25105.0,25083.0,25097.0
1782264600000,25110.0,25120.0,25104.0,25114.0
1782266400000,25113.0,25113.0,25093.0,25093.0
1782268200000,25074.0,25086.0,25045.0,25048.0
1782270000000,25043.0,25074.0,25034.0,25064.0
1782271800000,25086.0,25094.0,25059.0,25064.0
1782273600000,25062.0,25063.0,25004.0,25011.0
1782275400000,25029.0,25066.0,25029.0,25054.0
1782277200000,25057.0,25092.0,25055.0,25077.0
1782279000000,25077.0,25109.0,25077.0,25087.0
1782280800000,25088.0,25091.0,25061.0,25070.0
1782282600000,25072.0,25103.0,25042.0,25042.0
1782284400000,25043.0,25044.0,24905.0,24907.0
1782286200000,24907.0,24923.0,24832.0,24863.0
1782288000000,24869.0,24906.0,24854.0,24868.0
1782289800000,24870.0,24888.0,24855.0,24866.0
1782291600000,24865.0,24878.0,24829.0,24851.0
1782293400000,24851.0,24864.0,24810.0,24825.0
1782295200000,24823.0,24842.0,24785.0,24842.0
1782297000000,24838.0,24838.0,24802.0,24804.0
1782298800000,24804.0,24829.0,24770.0,24805.0
1782300600000,24807.0,24836.0,24788.0,24831.0
1782302400000,24832.0,24861.0,24812.0,24845.0
1782304200000,24847.0,24850.0,24783.0,24798.0
1782306000000,24799.0,24818.0,24755.0,24798.0
1782307800000,24797.0,24858.0,24765.0,24822.0
1782309600000,24829.0,24838.0,24784.0,24806.0
1782311400000,24806.0,24879.0,24805.0,24871.0
1782313200000,24874.0,24891.0,24821.0,24888.0
1782315000000,24889.0,24925.0,24885.0,24902.0
1782316800000,24898.0,24920.0,24897.0,24909.0
1782318600000,24908.0,24914.0,24862.0,24874.0
1782320400000,24873.0,24891.0,24827.0,24830.0
1782322200000,24822.0,24844.0,24799.0,24825.0
1782324000000,24825.0,24882.0,24815.0,24874.0
1782325800000,24879.0,24879.0,24812.0,24826.0
1782327600000,24826.0,24843.0,24799.0,24831.0
1782329400000,24832.0,24872.0,24819.0,24855.0
1782331200000,24859.0,24859.0,24859.0,24859.0
1782346500000,24921.0,24933.0,24883.0,24883.0
1782347400000,24892.0,24908.0,24880.0,24904.0
1782349200000,24896.0,24925.0,24891.0,24918.0
1782351000000,24912.0,24918.0,24867.0,24870.0
1782352800000,24873.0,24878.0,24848.0,24864.0
1782354600000,24863.0,24863.0,24859.0,24861.0
1782356400000,24874.0,24885.0,24873.0,24878.0
1782358200000,24858.0,24883.0,24855.0,24883.0
1782360000000,24886.0,24886.0,24860.0,24882.0
1782361800000,24876.0,24903.0,24873.0,24893.0
1782363600000,24897.0,24924.0,24884.0,24918.0
1782365400000,24915.0,24944.0,24909.0,24919.0
1782367200000,24915.0,24934.0,24901.0,24914.0
1782369000000,24912.0,24961.0,24908.0,24959.0
1782370800000,24961.0,25008.0,24924.0,24977.0
1782372600000,24977.0,25024.0,24976.0,25021.0
1782374400000,25022.0,25038.0,24986.0,25021.0
1782376200000,25020.0,25062.0,25015.0,25038.0
1782378000000,25042.0,25082.0,25037.0,25050.0
1782379800000,25051.0,25079.0,25038.0,25075.0
1782381600000,25074.0,25091.0,25052.0,25079.0
1782383400000,25078.0,25096.0,25063.0,25086.0
1782385200000,25089.0,25092.0,25025.0,25037.0
1782387000000,25037.0,25085.0,25030.0,25077.0
1782388800000,25077.0,25114.0,25074.0,25083.0
1782390600000,25083.0,25161.0,25083.0,25145.0
1782392400000,25144.0,25166.0,25135.0,25161.0
1782394200000,25160.0,25177.0,25010.0,25018.0
1782396000000,25021.0,25255.0,25021.0,25228.0
1782397800000,25226.0,25258.0,25194.0,25223.0
1782399600000,25227.0,25242.0,25128.0,25168.0
1782401400000,25167.0,25215.0,25157.0,25192.0
1782403200000,25192.0,25223.0,25184.0,25195.0
1782405000000,25193.0,25195.0,25137.0,25159.0
1782406800000,25167.0,25185.0,25150.0,25170.0
1782408600000,25173.0,25180.0,25144.0,25168.0
1782410400000,25169.0,25174.0,25114.0,25169.0
1782412200000,25164.0,25164.0,25126.0,25136.0
1782414000000,25136.0,25145.0,25118.0,25140.0
1782415800000,25136.0,25143.0,25107.0,25130.0
1782417600000,25166.0,25166.0,25166.0,25166.0
1782432900000,25136.0,25149.0,25105.0,25125.0
1782433800000,25115.0,25115.0,25086.0,25095.0
1782435600000,25107.0,25113.0,25069.0,25069.0
1782437400000,25077.0,25077.0,25020.0,25041.0
1782439200000,25040.0,25040.0,24959.0,24964.0
1782441000000,24970.0,24970.0,24904.0,24917.0
1782442800000,24917.0,24920.0,24899.0,24912.0
1782444600000,24906.0,24962.0,24873.0,24962.0
1782446400000,24967.0,24968.0,24937.0,24947.0
1782448200000,24962.0,24962.0,24923.0,24926.0
1782450000000,24939.0,24980.0,24936.0,24980.0
1782451800000,24983.0,24986.0,24919.0,24951.0
1782453600000,24950.0,25002.0,24937.0,24999.0
1782455400000,25003.0,25061.0,24992.0,25033.0
1782457200000,25034.0,25047.0,24960.0,25023.0
1782459000000,25021.0,25038.0,24958.0,24986.0
1782460800000,24987.0,24996.0,24939.0,24972.0
1782462600000,24970.0,24977.0,24893.0,24923.0
1782464400000,24920.0,24920.0,24855.0,24869.0
1782466200000,24866.0,24899.0,24847.0,24882.0
1782468000000,24878.0,24878.0,24835.0,24859.0
1782469800000,24858.0,24862.0,24834.0,24848.0
1782471600000,24851.0,24885.0,24845.0,24858.0
1782473400000,24855.0,24866.0,24830.0,24837.0
1782475200000,24829.0,24877.0,24823.0,24858.0
1782477000000,24863.0,24870.0,24787.0,24799.0
1782478800000,24801.0,24810.0,24712.0,24773.0
1782480600000,24771.0,24832.0,24765.0,24829.0
1782482400000,24824.0,24866.0,24821.0,24846.0
1782484200000,24849.0,24852.0,24763.0,24782.0
1782486000000,24779.0,24850.0,24760.0,24850.0
1782487800000,24849.0,24875.0,24817.0,24844.0
1782489600000,24845.0,24848.0,24771.0,24810.0
1782491400000,24815.0,24827.0,24802.0,24811.0
1782493200000,24809.0,24838.0,24800.0,24832.0
1782495000000,24843.0,24843.0,24817.0,24823.0
1782496800000,24823.0,24836.0,24798.0,24803.0
1782498600000,24805.0,24810.0,24785.0,24792.0
1782500400000,24794.0,24824.0,24780.0,24805.0
1782502200000,24805.0,24825.0,24793.0,24805.0
1782504000000,24807.0,24830.0,24807.0,24830.0
1782692100000,24897.0,24907.0,24857.0,24865.0
1782693000000,24865.0,24906.0,24851.0,24906.0
1782694800000,24907.0,24922.0,24877.0,24889.0
1782696600000,24876.0,24886.0,24865.0,24886.0
1782698400000,24889.0,24920.0,24855.0,24920.0
1782700200000,24917.0,24920.0,24908.0,24918.0
1782702000000,24933.0,24945.0,24930.0,24943.0
1782703800000,24917.0,24939.0,24910.0,24935.0
1782705600000,24927.0,24930.0,24908.0,24918.0
1782707400000,24918.0,24918.0,24911.0,24914.0
1782709200000,24906.0,24913.0,24889.0,24901.0
1782711000000,24905.0,24966.0,24905.0,24956.0
1782712800000,24960.0,24964.0,24925.0,24950.0
1782714600000,24948.0,24950.0,24906.0,24921.0
1782716400000,24922.0,24938.0,24847.0,24901.0
1782718200000,24903.0,24933.0,24876.0,24909.0
1782720000000,24906.0,24922.0,24836.0,24836.0
1782721800000,24838.0,24862.0,24809.0,24811.0
1782723600000,24809.0,24874.0,24807.0,24873.0
1782725400000,24876.0,24879.0,24826.0,24843.0
1782727200000,24845.0,24848.0,24815.0,24839.0
1782729000000,24838.0,24855.0,24820.0,24845.0
1782730800000,24845.0,24859.0,24811.0,24819.0
1782732600000,24815.0,24863.0,24796.0,24852.0
1782734400000,24850.0,24874.0,24843.0,24850.0
1782736200000,24850.0,24866.0,24823.0,24863.0
1782738000000,24865.0,24880.0,24852.0,24872.0
1782739800000,24868.0,24881.0,24810.0,24833.0
1782741600000,24831.0,24832.0,24727.0,24816.0
1782743400000,24815.0,24822.0,24740.0,24755.0
1782745200000,24756.0,24804.0,24718.0,24794.0
1782747000000,24793.0,24809.0,24774.0,24800.0
1782748800000,24805.0,24817.0,24799.0,24812.0
1782750600000,24815.0,24846.0,24809.0,24835.0
1782752400000,24836.0,24865.0,24835.0,24852.0
1782754200000,24851.0,24862.0,24844.0,24855.0
1782756000000,24853.0,24901.0,24852.0,24891.0
1782757800000,24891.0,24911.0,24891.0,24900.0
1782759600000,24899.0,24912.0,24890.0,24901.0
1782761400000,24900.0,24908.0,24882.0,24905.0
1782763200000,24878.0,24878.0,24878.0,24878.0
1782778500000,24916.0,24916.0,24872.0,24874.0
1782779400000,24858.0,24863.0,24835.0,24861.0
1782781200000,24859.0,24895.0,24853.0,24895.0
1782783000000,24905.0,24932.0,24893.0,24913.0
1782784800000,24903.0,24903.0,24898.0,24898.0
1782786600000,24903.0,24906.0,24903.0,24903.0
1782788400000,24899.0,24902.0,24898.0,24898.0
1782790200000,24920.0,24930.0,24918.0,24918.0
1782792000000,24914.0,24944.0,24914.0,24943.0
1782793800000,24943.0,24955.0,24939.0,24946.0
1782795600000,24950.0,24985.0,24942.0,24971.0
1782797400000,24975.0,24977.0,24955.0,24964.0
1782799200000,24964.0,24974.0,24927.0,24943.0
1782801000000,24939.0,24978.0,24915.0,24978.0
1782802800000,24974.0,25024.0,24951.0,24998.0
1782804600000,24998.0,25032.0,24949.0,24960.0
1782806400000,24963.0,25025.0,24961.0,25017.0
1782808200000,25017.0,25026.0,24961.0,24976.0
1782810000000,24975.0,25037.0,24973.0,25032.0
1782811800000,25031.0,25089.0,25019.0,25060.0
1782813600000,25061.0,25131.0,25057.0,25127.0
1782815400000,25130.0,25142.0,25109.0,25131.0
1782817200000,25131.0,25167.0,25113.0,25145.0
1782819000000,25148.0,25176.0,25146.0,25146.0
1782820800000,25146.0,25149.0,25076.0,25080.0
1782822600000,25081.0,25119.0,25049.0,25100.0
1782824400000,25100.0,25104.0,25038.0,25046.0
1782826200000,25046.0,25101.0,25030.0,25091.0
1782828000000,25091.0,25109.0,25061.0,25084.0
1782829800000,25082.0,25106.0,25048.0,25065.0
1782831600000,25066.0,25156.0,25066.0,25133.0
1782833400000,25133.0,25169.0,25112.0,25138.0
1782835200000,25140.0,25147.0,25127.0,25141.0
1782837000000,25140.0,25164.0,25140.0,25159.0
1782838800000,25159.0,25169.0,25148.0,25161.0
1782840600000,25161.0,25171.0,25157.0,25168.0
1782842400000,25168.0,25180.0,25159.0,25166.0
1782844200000,25166.0,25187.0,25162.0,25185.0
1782846000000,25185.0,25195.0,25172.0,25177.0
1782847800000,25175.0,25177.0,25155.0,25162.0
1782849600000,25162.0,25162.0,25162.0,25162.0
1782864900000,25164.0,25169.0,25156.0,25163.0
1782865800000,25159.0,25168.0,25156.0,25159.0
1782867600000,25164.0,25171.0,25136.0,25136.0
1782869400000,25140.0,25142.0,25119.0,25119.0
1782871200000,25122.0,25127.0,25098.0,25120.0
1782873000000,25124.0,25143.0,25120.0,25127.0
1782874800000,25140.0,25140.0,25125.0,25130.0
1782876600000,25124.0,25138.0,25123.0,25132.0
1782878400000,25132.0,25132.0,25128.0,25128.0
1782880200000,25144.0,25149.0,25127.0,25144.0
1782882000000,25130.0,25130.0,25121.0,25121.0
1782883800000,25128.0,25149.0,25123.0,25149.0
1782885600000,25145.0,25170.0,25130.0,25148.0
1782887400000,25149.0,25176.0,25134.0,25175.0
1782889200000,25176.0,25201.0,25101.0,25128.0
1782891000000,25128.0,25202.0,25109.0,25201.0
1782892800000,25199.0,25230.0,25165.0,25212.0
1782894600000,25213.0,25242.0,25192.0,25213.0
1782896400000,25217.0,25230.0,25185.0,25228.0
1782898200000,25230.0,25238.0,25217.0,25225.0
1782900000000,25224.0,25226.0,25174.0,25224.0
1782901800000,25226.0,25227.0,25195.0,25212.0
1782903600000,25213.0,25228.0,25176.0,25180.0
1782905400000,25180.0,25181.0,25129.0,25134.0
1782907200000,25137.0,25159.0,25108.0,25153.0
1782909000000,25151.0,25168.0,25089.0,25089.0
1782910800000,25088.0,25099.0,25028.0,25096.0
1782912600000,25099.0,25148.0,25063.0,25129.0
1782914400000,25126.0,25164.0,25117.0,25151.0
1782916200000,25151.0,25155.0,25103.0,25127.0
1782918000000,25126.0,25221.0,25122.0,25221.0
1782919800000,25220.0,25229.0,25175.0,25199.0
1782921600000,25204.0,25225.0,25199.0,25221.0
1782923400000,25224.0,25234.0,25188.0,25188.0
1782925200000,25197.0,25224.0,25190.0,25222.0
1782927000000,25222.0,25225.0,25187.0,25192.0
1782928800000,25191.0,25202.0,25179.0,25191.0
1782930600000,25189.0,25196.0,25180.0,25188.0
1782932400000,25187.0,25209.0,25187.0,25201.0
1782934200000,25200.0,25206.0,25183.0,25196.0
1782936000000,25150.0,25150.0,25150.0,25150.0
1782951300000,25161.0,25161.0,25129.0,25157.0
1782952200000,25162.0,25181.0,25131.0,25181.0
1782954000000,25179.0,25228.0,25179.0,25225.0
1782955800000,25231.0,25294.0,25231.0,25271.0
1782957600000,25270.0,25291.0,25269.0,25276.0
1782959400000,25273.0,25275.0,25267.0,25272.0
1782961200000,25267.0,25267.0,25253.0,25253.0
1782963000000,25271.0,25281.0,25263.0,25278.0
1782964800000,25283.0,25283.0,25240.0,25250.0
1782966600000,25250.0,25250.0,25220.0,25220.0
1782968400000,25241.0,25265.0,25235.0,25251.0
1782970200000,25231.0,25231.0,25203.0,25207.0
1782972000000,25204.0,25217.0,25169.0,25170.0
1782973800000,25177.0,25214.0,25118.0,25118.0
1782975600000,25119.0,25247.0,25096.0,25228.0
1782977400000,25231.0,25284.0,25214.0,25253.0
1782979200000,25252.0,25275.0,25236.0,25248.0
1782981000000,25247.0,25311.0,25242.0,25296.0
1782982800000,25295.0,25337.0,25276.0,25319.0
1782984600000,25321.0,25343.0,25314.0,25323.0
1782986400000,25323.0,25352.0,25305.0,25352.0
1782988200000,25353.0,25435.0,25353.0,25426.0
1782990000000,25427.0,25445.0,25406.0,25428.0
1782991800000,25429.0,25454.0,25421.0,25447.0
1782993600000,25447.0,25503.0,25438.0,25492.0
1782995400000,25502.0,25612.0,25474.0,25583.0
1782997200000,25586.0,25663.0,25573.0,25651.0
1782999000000,25650.0,25810.0,25642.0,25784.0
1783000800000,25783.0,25797.0,25737.0,25747.0
1783002600000,25748.0,25785.0,25727.0,25785.0
1783004400000,25786.0,25797.0,25689.0,25696.0
1783006200000,25693.0,25763.0,25690.0,25700.0
1783008000000,25700.0,25750.0,25700.0,25716.0
1783009800000,25717.0,25720.0,25677.0,25683.0
1783011600000,25685.0,25687.0,25652.0,25668.0
1783013400000,25671.0,25678.0,25632.0,25632.0
1783015200000,25637.0,25680.0,25626.0,25670.0
1783017000000,25665.0,25696.0,25665.0,25687.0
1783018800000,25689.0,25689.0,25658.0,25668.0
1783020600000,25669.0,25780.0,25669.0,25769.0
1783022400000,25769.0,25769.0,25769.0,25769.0
1783037700000,25799.0,25805.0,25772.0,25778.0
1783038600000,25772.0,25779.0,25755.0,25768.0
1783040400000,25803.0,25844.0,25796.0,25844.0
1783042200000,25851.0,25857.0,25831.0,25840.0
1783044000000,25842.0,25848.0,25833.0,25841.0
1783045800000,25837.0,25839.0,25823.0,25829.0
1783047600000,25836.0,25850.0,25827.0,25847.0
1783049400000,25851.0,25860.0,25832.0,25860.0
1783051200000,25862.0,25874.0,25850.0,25864.0
1783053000000,25862.0,25872.0,25848.0,25848.0
1783054800000,25850.0,25852.0,25817.0,25835.0
1783056600000,25834.0,25848.0,25824.0,25839.0
1783058400000,25839.0,25882.0,25835.0,25863.0
1783060200000,25865.0,25898.0,25857.0,25898.0
1783062000000,25895.0,25969.0,25876.0,25892.0
1783063800000,25891.0,25899.0,25828.0,25829.0
1783065600000,25830.0,25883.0,25815.0,25861.0
1783067400000,25858.0,25862.0,25771.0,25773.0
1783069200000,25773.0,25806.0,25754.0,25775.0
1783071000000,25776.0,25811.0,25764.0,25797.0
1783072800000,25795.0,25827.0,25782.0,25819.0
1783074600000,25823.0,25849.0,25821.0,25844.0
1783076400000,25845.0,25847.0,25799.0,25804.0
1783078200000,25803.0,25851.0,25800.0,25849.0
1783080000000,25850.0,25869.0,25843.0,25850.0
1783081800000,25851.0,25894.0,25850.0,25891.0
1783083600000,25893.0,25919.0,25885.0,25891.0
1783085400000,25892.0,25926.0,25868.0,25914.0
1783087200000,25914.0,25937.0,25884.0,25893.0
1783089000000,25894.0,25965.0,25888.0,25952.0
1783090800000,25954.0,25978.0,25936.0,25947.0
1783092600000,25947.0,25955.0,25922.0,25940.0
1783094400000,25942.0,25963.0,25939.0,25951.0
1783096200000,25951.0,25962.0,25946.0,25948.0
1783098000000,25945.0,25947.0,25937.0,25947.0
1783099800000,25947.0,25951.0,25941.0,25948.0
1783101600000,25946.0,25949.0,25933.0,25933.0
1783103400000,25934.0,25941.0,25934.0,25936.0
1783105200000,25936.0,25943.0,25933.0,25943.0
1783107000000,25941.0,25967.0,25938.0,25966.0
1783108800000,25949.0,25949.0,25949.0,25949.0
1783296900000,25995.0,26064.0,25975.0,25975.0
1783297800000,25970.0,26014.0,25970.0,26013.0
1783299600000,26007.0,26019.0,25990.0,25998.0
1783301400000,25998.0,26002.0,25965.0,25973.0
1783303200000,25980.0,25981.0,25953.0,25953.0
1783305000000,25942.0,25952.0,25930.0,25944.0
1783306800000,25950.0,25951.0,25938.0,25938.0
1783308600000,25952.0,25956.0,25929.0,25940.0
1783310400000,25943.0,25962.0,25937.0,25956.0
1783312200000,25970.0,25973.0,25960.0,25969.0
1783314000000,25960.0,25961.0,25929.0,25935.0
1783315800000,25928.0,25940.0,25921.0,25930.0
1783317600000,25934.0,25954.0,25907.0,25923.0
1783319400000,25921.0,25941.0,25910.0,25937.0
1783321200000,25935.0,25974.0,25898.0,25962.0
1783323000000,25965.0,26048.0,25953.0,26030.0
1783324800000,26031.0,26043.0,25981.0,26018.0
1783326600000,26018.0,26019.0,25965.0,25976.0
1783328400000,25970.0,26000.0,25940.0,25998.0
1783330200000,25998.0,26004.0,25975.0,25991.0
1783332000000,25986.0,25991.0,25961.0,25969.0
1783333800000,25966.0,25970.0,25929.0,25934.0
1783335600000,25932.0,25935.0,25895.0,25909.0
1783337400000,25903.0,25940.0,25896.0,25906.0
1783339200000,25904.0,25925.0,25888.0,25890.0
1783341000000,25890.0,25901.0,25876.0,25882.0
1783342800000,25880.0,25887.0,25834.0,25866.0
1783344600000,25865.0,25910.0,25860.0,25910.0
1783346400000,25910.0,25937.0,25899.0,25931.0
1783348200000,25933.0,25953.0,25917.0,25946.0
1783350000000,25948.0,25978.0,25921.0,25976.0
1783351800000,25975.0,25985.0,25927.0,25940.0
1783353600000,25943.0,25943.0,25927.0,25938.0
1783355400000,25938.0,25950.0,25934.0,25935.0
1783357200000,25935.0,25964.0,25930.0,25956.0
1783359000000,25952.0,25952.0,25929.0,25940.0
1783360800000,25941.0,25955.0,25940.0,25950.0
1783362600000,25951.0,25955.0,25939.0,25947.0
1783364400000,25950.0,25965.0,25941.0,25961.0
1783366200000,25962.0,25963.0,25943.0,25958.0
1783368000000,25946.0,25946.0,25946.0,25946.0
1783383300000,25949.0,25958.0,25934.0,25958.0
1783384200000,25943.0,25946.0,25930.0,25946.0
1783386000000,25932.0,25939.0,25923.0,25924.0
1783387800000,25928.0,25952.0,25928.0,25936.0
1783389600000,25941.0,25945.0,25926.0,25926.0
1783391400000,25924.0,25924.0,25906.0,25906.0
1783393200000,25915.0,25927.0,25889.0,25889.0
1783395000000,25880.0,25901.0,25877.0,25884.0
1783396800000,25890.0,25903.0,25878.0,25883.0
1783398600000,25887.0,25889.0,25878.0,25879.0
1783400400000,25874.0,25879.0,25838.0,25862.0
1783402200000,25870.0,25917.0,25862.0,25900.0
1783404000000,25901.0,25913.0,25883.0,25903.0
1783405800000,25904.0,25932.0,25897.0,25929.0
1783407600000,25928.0,25944.0,25894.0,25939.0
1783409400000,25938.0,25949.0,25887.0,25922.0
1783411200000,25925.0,25941.0,25898.0,25908.0
1783413000000,25909.0,25912.0,25852.0,25852.0
1783414800000,25853.0,25870.0,25838.0,25857.0
1783416600000,25859.0,25861.0,25825.0,25833.0
1783418400000,25833.0,25850.0,25810.0,25812.0
1783420200000,25810.0,25815.0,25790.0,25806.0
1783422000000,25805.0,25818.0,25784.0,25789.0
1783423800000,25791.0,25796.0,25760.0,25783.0
1783425600000,25787.0,25831.0,25778.0,25823.0
1783427400000,25821.0,25845.0,25779.0,25801.0
1783429200000,25798.0,25814.0,25775.0,25788.0
1783431000000,25790.0,25799.0,25680.0,25698.0
1783432800000,25701.0,25701.0,25627.0,25665.0
1783434600000,25665.0,25673.0,25625.0,25651.0
1783436400000,25651.0,25652.0,25615.0,25637.0
1783438200000,25637.0,25653.0,25601.0,25645.0
1783440000000,25643.0,25686.0,25641.0,25680.0
1783441800000,25678.0,25685.0,25666.0,25678.0
1783443600000,25682.0,25690.0,25667.0,25675.0
1783445400000,25675.0,25689.0,25674.0,25684.0
1783447200000,25687.0,25692.0,25681.0,25684.0
1783449000000,25682.0,25683.0,25635.0,25639.0
1783450800000,25640.0,25640.0,25550.0,25593.0
1783452600000,25591.0,25610.0,25578.0,25608.0
1783454400000,25610.0,25610.0,25610.0,25610.0
1783469700000,25592.0,25615.0,25550.0,25604.0
1783470600000,25597.0,25640.0,25597.0,25639.0
1783472400000,25643.0,25661.0,25643.0,25660.0
1783474200000,25648.0,25650.0,25620.0,25633.0
1783476000000,25615.0,25615.0,25593.0,25594.0
1783477800000,25612.0,25612.0,25589.0,25589.0
1783479600000,25614.0,25614.0,25614.0,25614.0
1783481400000,25616.0,25616.0,25616.0,25616.0
1783483200000,25612.0,25612.0,25603.0,25604.0
1783485000000,25602.0,25602.0,25574.0,25591.0
1783486800000,25593.0,25598.0,25593.0,25598.0
1783488600000,25565.0,25586.0,25540.0,25547.0
1783490400000,25554.0,25558.0,25502.0,25525.0
1783492200000,25529.0,25530.0,25433.0,25448.0
1783494000000,25450.0,25473.0,25285.0,25333.0
1783495800000,25334.0,25366.0,25315.0,25331.0
1783497600000,25332.0,25339.0,25104.0,25113.0
1783499400000,25112.0,25119.0,25014.0,25034.0
1783501200000,25036.0,25038.0,24958.0,25003.0
1783503000000,25002.0,25054.0,24978.0,24990.0
1783504800000,24991.0,25031.0,24968.0,25016.0
1783506600000,25013.0,25093.0,25006.0,25067.0
1783508400000,25066.0,25086.0,25030.0,25063.0
1783510200000,25060.0,25215.0,25043.0,25124.0
1783512000000,25123.0,25173.0,25089.0,25155.0
1783513800000,25151.0,25196.0,25127.0,25129.0
1783515600000,25130.0,25190.0,25096.0,25099.0
1783517400000,25109.0,25216.0,25109.0,25164.0
1783519200000,25169.0,25187.0,25107.0,25116.0
1783521000000,25116.0,25124.0,25063.0,25073.0
1783522800000,25077.0,25080.0,24980.0,24992.0
1783524600000,24990.0,25050.0,24989.0,25024.0
1783526400000,25026.0,25104.0,25022.0,25092.0
1783528200000,25091.0,25143.0,25075.0,25137.0
1783530000000,25134.0,25145.0,25106.0,25138.0
1783531800000,25140.0,25145.0,25111.0,25119.0
1783533600000,25118.0,25151.0,25107.0,25139.0
1783535400000,25136.0,25147.0,25120.0,25143.0
1783537200000,25144.0,25154.0,25137.0,25149.0
1783539000000,25148.0,25153.0,25116.0,25145.0
1783540800000,25139.0,25139.0,25139.0,25139.0
1783556100000,25158.0,25180.0,25130.0,25174.0
1783557000000,25168.0,25171.0,25143.0,25143.0
1783558800000,25156.0,25193.0,25156.0,25163.0
1783560600000,25163.0,25187.0,25161.0,25170.0
1783562400000,25171.0,25206.0,25169.0,25179.0
1783564200000,25193.0,25193.0,25130.0,25134.0
1783566000000,25125.0,25132.0,25112.0,25132.0
1783567800000,25160.0,25180.0,25160.0,25174.0
1783569600000,25183.0,25183.0,25151.0,25151.0
1783571400000,25167.0,25190.0,25167.0,25190.0
1783573200000,25193.0,25210.0,25155.0,25168.0
1783575000000,25159.0,25238.0,25151.0,25238.0
1783576800000,25232.0,25242.0,25201.0,25219.0
1783578600000,25216.0,25225.0,25179.0,25203.0
1783580400000,25203.0,25254.0,25120.0,25138.0
1783582200000,25136.0,25199.0,25133.0,25154.0
1783584000000,25156.0,25163.0,25081.0,25093.0
1783585800000,25092.0,25098.0,25040.0,25061.0
1783587600000,25059.0,25092.0,25043.0,25074.0
1783589400000,25071.0,25085.0,25025.0,25073.0
1783591200000,25072.0,25095.0,25064.0,25068.0
1783593000000,25068.0,25068.0,24986.0,25034.0
1783594800000,25033.0,25073.0,25027.0,25037.0
1783596600000,25039.0,25093.0,25031.0,25069.0
1783598400000,25071.0,25097.0,25060.0,25091.0
1783600200000,25092.0,25135.0,25089.0,25120.0
1783602000000,25122.0,25168.0,25120.0,25145.0
1783603800000,25145.0,25188.0,25097.0,25165.0
1783605600000,25168.0,25184.0,25122.0,25165.0
1783607400000,25165.0,25215.0,25157.0,25215.0
1783609200000,25214.0,25248.0,25208.0,25223.0
1783611000000,25224.0,25239.0,25197.0,25221.0
1783612800000,25223.0,25243.0,25220.0,25228.0
1783614600000,25229.0,25231.0,25218.0,25226.0
1783616400000,25225.0,25249.0,25225.0,25246.0
1783618200000,25249.0,25261.0,25244.0,25250.0
1783620000000,25248.0,25258.0,25225.0,25225.0
1783621800000,25229.0,25232.0,25221.0,25230.0
1783623600000,25235.0,25240.0,25217.0,25231.0
1783625400000,25228.0,25243.0,25214.0,25243.0
1783627200000,25240.0,25240.0,25240.0,25240.0
1783642500000,25222.0,25228.0,25212.0,25216.0
1783643400000,25208.0,25208.0,25199.0,25199.0
1783645200000,25218.0,25225.0,25212.0,25225.0
1783647000000,25230.0,25248.0,25230.0,25248.0
1783648800000,25235.0,25268.0,25230.0,25231.0
1783650600000,25230.0,25244.0,25224.0,25234.0
1783652400000,25236.0,25257.0,25217.0,25226.0
1783654200000,25225.0,25236.0,25216.0,25225.0
1783656000000,25227.0,25229.0,25208.0,25213.0
1783657800000,25215.0,25224.0,25196.0,25200.0
1783659600000,25197.0,25218.0,25197.0,25207.0
1783661400000,25203.0,25210.0,25185.0,25188.0
1783663200000,25198.0,25248.0,25198.0,25220.0
1783665000000,25218.0,25242.0,25205.0,25224.0
1783666800000,25224.0,25290.0,25192.0,25286.0
1783668600000,25290.0,25319.0,25215.0,25241.0
1783670400000,25241.0,25288.0,25212.0,25226.0
1783672200000,25224.0,25234.0,25182.0,25205.0
1783674000000,25207.0,25245.0,25173.0,25211.0
1783675800000,25208.0,25238.0,25183.0,25199.0
1783677600000,25198.0,25253.0,25198.0,25251.0
1783679400000,25247.0,25278.0,25238.0,25255.0
1783681200000,25253.0,25271.0,25239.0,25245.0
1783683000000,25244.0,25245.0,25210.0,25221.0
1783684800000,25225.0,25311.0,25187.0,25239.0
1783686600000,25237.0,25250.0,25214.0,25244.0
1783688400000,25245.0,25274.0,25234.0,25255.0
1783690200000,25260.0,25278.0,25208.0,25210.0
1783692000000,25208.0,25245.0,25206.0,25212.0
1783693800000,25210.0,25221.0,25047.0,25159.0
1783695600000,25159.0,25207.0,25127.0,25205.0
1783697400000,25203.0,25206.0,25170.0,25196.0
1783699200000,25197.0,25216.0,25197.0,25205.0
1783701000000,25206.0,25231.0,25192.0,25230.0
1783702800000,25232.0,25236.0,25218.0,25234.0
1783704600000,25237.0,25244.0,25230.0,25230.0
1783706400000,25232.0,25245.0,25226.0,25238.0
1783708200000,25240.0,25246.0,25228.0,25232.0
1783710000000,25232.0,25238.0,25221.0,25230.0
1783711800000,25228.0,25243.0,25216.0,25224.0
1783713600000,25231.0,25231.0,25231.0,25231.0
1783901700000,25174.0,25174.0,25132.0,25158.0
1783902600000,25145.0,25145.0,25060.0,25060.0
1783904400000,25064.0,25069.0,25038.0,25044.0
1783906200000,25041.0,25048.0,25013.0,25028.0
1783908000000,25018.0,25040.0,25013.0,25040.0
1783909800000,25030.0,25030.0,25005.0,25005.0
1783911600000,25003.0,25003.0,24970.0,24979.0
1783913400000,24975.0,24990.0,24959.0,24959.0
1783915200000,24958.0,24958.0,24933.0,24935.0
1783917000000,24936.0,24940.0,24911.0,24920.0
1783918800000,24920.0,24975.0,24918.0,24924.0
1783920600000,24918.0,24980.0,24892.0,24963.0
1783922400000,24962.0,25021.0,24962.0,25017.0
1783924200000,25020.0,25048.0,25002.0,25042.0
1783926000000,25042.0,25176.0,25041.0,25166.0
1783927800000,25166.0,25185.0,25128.0,25183.0
1783929600000,25185.0,25220.0,25165.0,25206.0
1783931400000,25207.0,25239.0,25201.0,25231.0
1783933200000,25234.0,25260.0,25205.0,25253.0
1783935000000,25254.0,25271.0,25248.0,25258.0
1783936800000,25260.0,25271.0,25188.0,25194.0
1783938600000,25193.0,25233.0,25179.0,25219.0
1783940400000,25223.0,25247.0,25208.0,25237.0
1783942200000,25235.0,25245.0,25202.0,25214.0
1783944000000,25207.0,25234.0,25182.0,25191.0
1783945800000,25194.0,25240.0,25165.0,25236.0
1783947600000,25239.0,25247.0,25192.0,25209.0
1783949400000,25212.0,25249.0,25180.0,25233.0
1783951200000,25232.0,25246.0,25085.0,25194.0
1783953000000,25197.0,25236.0,25168.0,25234.0
1783954800000,25232.0,25241.0,25181.0,25200.0
1783956600000,25202.0,25243.0,25196.0,25201.0
1783958400000,25200.0,25216.0,25161.0,25167.0
1783960200000,25171.0,25190.0,25137.0,25159.0
1783962000000,25162.0,25192.0,25162.0,25164.0
1783963800000,25169.0,25173.0,25125.0,25125.0
1783965600000,25128.0,25135.0,25098.0,25102.0
1783967400000,25096.0,25134.0,25095.0,25128.0
1783969200000,25132.0,25140.0,25082.0,25085.0
1783971000000,25087.0,25127.0,25080.0,25127.0
1783972800000,25126.0,25126.0,25126.0,25126.0
